-- phpMyAdmin SQL Dump
-- version 4.4.15.10
-- https://www.phpmyadmin.net
--
-- Host: localhost
-- Generation Time: Mar 06, 2020 at 01:28 AM
-- Server version: 5.5.64-MariaDB
-- PHP Version: 5.4.16

SET SQL_MODE = "NO_AUTO_VALUE_ON_ZERO";
SET time_zone = "+00:00";


/*!40101 SET @OLD_CHARACTER_SET_CLIENT=@@CHARACTER_SET_CLIENT */;
/*!40101 SET @OLD_CHARACTER_SET_RESULTS=@@CHARACTER_SET_RESULTS */;
/*!40101 SET @OLD_COLLATION_CONNECTION=@@COLLATION_CONNECTION */;
/*!40101 SET NAMES utf8mb4 */;

--
-- Database: `CarEX`
--

-- --------------------------------------------------------

--
-- Table structure for table `Buyers`
--

CREATE TABLE IF NOT EXISTS `Buyers` (
  `BuyersID` int(11) NOT NULL DEFAULT '0',
  `CarPartID` int(11) DEFAULT NULL,
  `FirstName` varchar(255) DEFAULT NULL,
  `LastName` varchar(255) DEFAULT NULL,
  `Email` varchar(255) DEFAULT NULL,
  `zipCode` int(15) DEFAULT NULL,
  `phone` int(15) DEFAULT NULL,
  `Address` varchar(255) DEFAULT NULL
) ENGINE=InnoDB DEFAULT CHARSET=latin1;

--
-- Dumping data for table `Buyers`
--

INSERT INTO `Buyers` (`BuyersID`, `CarPartID`, `FirstName`, `LastName`, `Email`, `zipCode`, `phone`, `Address`) VALUES
(0, 5, 'Aryam', 'Habte', 'Aru@gmail.com', 98102, 204378, '75th street'),
(2, 1, 'Meskerem', 'Ayale', 'Meski@gmail.com', 98102, 974, '45th street'),
(34, 2, 'omega', 'Tesfay', 'omi@gmail.com', 65234, 876543, '95 s street'),
(645, 4, 'Fitsum', 'Legesse', 'fitsum@gmail.com', 98104, 2067693, '67 N street'),
(680, 3, 'Hope', '\r\n\r\n\r\n\r\n\r\n\r\n\r\n\r\n\r\n\r\n\r\n\r\n\r\n\r\n\r\n\r\n\r\n\r\n\r\n\r\n\r\ntesfay', 'hope@gmail.com', 320975, 9876543, '23 ave N'),
(3901, 5, 'Aryam', 'Habte', 'Aryam@gmail.com', 98107, 65498, '45 N street '),
(12309, 3, 'Meskerem', 'Ayale', 'Meski@gmail.com', 98103, 4209647, '87 n street');

-- --------------------------------------------------------

--
-- Table structure for table `CarPart`
--

CREATE TABLE IF NOT EXISTS `CarPart` (
  `CarPartID` int(11) NOT NULL DEFAULT '0',
  `TypeOfPart` varchar(255) DEFAULT NULL,
  `ProductionYear` date DEFAULT NULL,
  `CarModel` varchar(255) DEFAULT NULL,
  `Cost` int(11) DEFAULT NULL
) ENGINE=InnoDB DEFAULT CHARSET=latin1;

--
-- Dumping data for table `CarPart`
--

INSERT INTO `CarPart` (`CarPartID`, `TypeOfPart`, `ProductionYear`, `CarModel`, `Cost`) VALUES
(1, 'tire', '2018-10-03', '2019', 80),
(2, 'tire', '2017-11-06', '2018', 40),
(3, 'Battery', '2019-04-09', '2020', 3000),
(4, 'Radiator', '2020-01-06', '2021', 600),
(5, 'Fuel Injector.', '2020-03-01', '2021', 700),
(6, 'Axle', '2020-03-02', '2020', 200);

-- --------------------------------------------------------

--
-- Table structure for table `Cars`
--

CREATE TABLE IF NOT EXISTS `Cars` (
  `CarsID` int(11) NOT NULL DEFAULT '0',
  `CarPartID` int(11) DEFAULT NULL,
  `CarMaker` varchar(255) DEFAULT NULL,
  `CarModel` int(11) DEFAULT NULL
) ENGINE=InnoDB DEFAULT CHARSET=latin1;

--
-- Dumping data for table `Cars`
--

INSERT INTO `Cars` (`CarsID`, `CarPartID`, `CarMaker`, `CarModel`) VALUES
(12, 1, 'Toyota', 2018),
(98, 4, 'BMW', 2019),
(123, 2, 'Japan', 2020),
(654, 5, 'Tesla', 2020),
(1234, 3, 'Tesla', 2016);

-- --------------------------------------------------------

--
-- Table structure for table `Partners`
--

CREATE TABLE IF NOT EXISTS `Partners` (
  `PartnerID` int(11) NOT NULL DEFAULT '0',
  `CarPartID` int(11) DEFAULT NULL,
  `CompanyName` varchar(255) DEFAULT NULL,
  `CompanyReview` varchar(255) DEFAULT NULL
) ENGINE=InnoDB DEFAULT CHARSET=latin1;

--
-- Dumping data for table `Partners`
--

INSERT INTO `Partners` (`PartnerID`, `CarPartID`, `CompanyName`, `CompanyReview`) VALUES
(9, 3, 'Tesla', 'Bad '),
(32, 1, 'Toyota', 'Great company'),
(39, 5, 'BMW', 'Great Great'),
(42, 2, 'BMW', 'Nice'),
(142, 4, 'Toyota', 'Great');

-- --------------------------------------------------------

--
-- Table structure for table `Pictures`
--

CREATE TABLE IF NOT EXISTS `Pictures` (
  `PictureID` int(11) NOT NULL DEFAULT '0',
  `CarPartID` int(11) DEFAULT NULL,
  `CarsID` int(11) DEFAULT NULL,
  `Picture` blob
) ENGINE=InnoDB DEFAULT CHARSET=latin1;

--
-- Dumping data for table `Pictures`
--

INSERT INTO `Pictures` (`PictureID`, `CarPartID`, `CarsID`, `Picture`) VALUES
(21, 1, 12, 0x89504e470d0a1a0a0000000d494844520000012c0000012c0806000000797d8e750000000473424954080808087c0864880000005f7a5458745261772070726f66696c652074797065204150503100000899e34a4fcd4b2dca4c562828ca4fcbcc49e552000363132e134b134ba3440303030b0308303430303604924640b6395428d10005981a98599a199b199a033188cf050048b614c93ad443320000200049444154789cec9d799c5d7579ffdf67bbfb36fbbe6426934c364212f6b0882cd18a055ca85204f107220a8882288a456cadd4a5b66ad55aad60c5622b0515042a122421ac9284ec996c93d9e7ce76f77bcffafbe32cf7ce045b5bad08dccfeb35afb973e7dc73bf67f97eceb37c9ee70b55545145155554514515555451451555545145155554514515555451451555545145155554514515555451451555545145155554514515555451451555545145155554514515555451451555545145155554514515555451451555545145155554514515555451451555545145157f7008aff400aa78f560e3c68d014dd362bdbdbdf17c3e1f2c954ac162b1180b04c2f5a9d44c9da2288a65596249d7112dcb4ca5b27a30e82b0683c1bc2449d95028940e0402d9582c5628168bf9743a5de8eded2d241289bc2008ea2b7d7c55fcf1a34a585500f0f39fffdcdfdcdcdcbc63c78ed6542a573b3232d49a4c265b23914843be906fd535a34510848461e875a224c5254992455114754d2397cfa3280aa6696251bea904a17c7b8542214cd3c4300c2449320441d024492a4422916c3c11cff814251d8bc693cdcd4da33e9f3cd9d9b9e8a82431d4dada3a22cbf258341a9d1104c17a454e4e157f34a812d6eb1037df7c73d8b2ac2ec360b9aa96569896b55af1294b34556d2f164b71c330a8abab25140a33383848434303ebd79f46437d3db1588c502844301820140ea3a92a3ffdd9833cf9e4264451c4b26c4e110401cbb2b0f755c767efb89d175fdcca3f7de7bb288a8205605998a689699a00989685655ac8b2842ccb048341644952a3d1e84c5353d3d19696a643ededed3b9bdbda76d6c6e37beaebeb8f542db3d717e4577a0055fcdfe2f6db6ff7653299ee5caeb852d3d413555d5b3d3935bd5412a57659967d8b172f4691255edab98b4c3a8ddfefc7304cde7bc5152c5fbe8cebafff3097fdf9a5ac5bb716805249259fcf91cbe5c9e7f274767670c93bdfc1f66d2f21c912a15008c0212413b5a4d2d8d4446d6d2d757575088260ff38dbc8920492e47d46100474dde0da0f5c436f6f2f23a3a3bed1d1d1e6d19191e6818183273df3ecf3948a2542e160a1a9b9f9f0d7bffe8d6d5d8bbab60896f54c3299dc75e59557165f89f35cc51f0655c27a8de1bbdffd6e746a2ab56c7c7cf4a4543a75caa14347d68ab2dc138fc5fcbd8b7b686b6b65f7ee3d0c0c1ca0a1a181b7fcc99b59b16239a3a3a33cf4d0cf79e1d72f52281448a552288a42436323b1580cc330f8c217bfc4d0d00886ae53524be8bace6db77d92de9e5e1235093efce1eb696a6cf4c66201966961d9f485aaaa9e35e5fa76ae45e6c2b42cc0626a7a9adede1e962f5bc6bab56bbcffebbaced1a343fccb3df70477eed8b9bcafaf6ff9a1c3872fcde5f2964f910fdc74f32d5b7c7ee597a14060cba73ffde983ff97e7ba8a3f3caa84f52a876559d2a64d9b56ec1b1838e3d081c36f78fef95f9f90cbe7bba3d128ab571f47ffd27e962eeda3b9b905bfdf0740369be5d37ff119c6c7c7f9971fdcc3d557ff3f7a7b7ab8faeaabb8e20a95c3878fb06fff3e0002810073a939044160686898a9a929027e3f9224110a069125195996d0348d9ffef46734353579a4e406b4044140144576efd9832c2be0925405595996e5595eb22c73efbd3fe2fefb1f20140a914824686868a0b5a585e356af62597f3f6ff9933fe19ed97bb8f5d68f2320303636261c3c78b06ffffe81bec1c1c12b86864773efbfe6daede150e8315916ff33140a6dbde38e3bf27fc04b53c5ff01aa84f52ac4f8f878786868e8d4ad5bb7bff9c337de74763239b9525114455335545da3bbb3938f7ffc161a1aea999a9ae6e8d05176eddacdcccc2c00975d76294b972e219fcff3c94f7e024596191e1961766696d9d959c6c6c7d9bd6b37b3b3738c8c8c904ea51145918f7ef446f2b93cf178dc8e61854244221132992c866170d69967d2d2d2ecb883605a269669629a16baaef3d2f697300c1d49b449cba52b012740efc4bdb02c644942d77552a914b3b3b31c3c78d0dec78e97f8dc5ffda5bd1f49e2d1477f41381ca2a1a19e55c7ade2ac379c85655a1c1d3a1a7eecb1c74f7b6af3e6d31084bf90c4d97d575ff3c15f8683be077d3edfe62f7ce10b9957e8f255f13ba04a58af120c0c0cf8a7a6a6ced8b7efc0dbfeeaafefdc303931d1138fc759b56a25975d7629cb97f5333333c35f7deef334b7b4d0d050cfde7dfb3870e0205d5d9d9c72ca29442211bef2777f47269361716f2fcf3efb1c3ffde9cfb02c8b6020483c1ea3aebe9ed37a1671f145170270f0c0417ef9f84656ae5c41777737baae93cfe7c966b2ccccce91cbe5d8b2650bb3b3b3ecdcb58bf18909344d4314442449429225145926999c62687818bfcf078200968550415a5896e31e5a585639c3288a22822020cb328220d0d2dc02c0fe7dfb59bd7a356f7ed3f9e47239262627d9bd7b0f994c069fe2e3a4934ee07def7b2f0303fb8946a39c7aeaa94b47464696eeddb3f783d3333347aebafada47027edf03aa5ad8f4ed6f7fbb6a79bd4a5025ac3f726cdcb8b17f7070f0927ffcf677df393e3eb632100870e20927b0fe9af7d3bf74298200878f1c61efde7dac5bb7968b2fbe889ffce4a7989645ffd2a5343634323434c4534f6d21994cd2d9d1412814a6b5b5954c2643676707679e7106008661303d33c3e46492bd7bf7b16fdf3e0e1f3942b150e0231fb909511429148ba8aa4a3e9fa75828a0eb060810f007b8f3f377dad206cb4214457c3e1fa224218922008160105996914411c9f92d4a12a228daaf9ded0497d0a8887539e3eb5ed40d40726a1ad33479f0a19f130e85686e6e66c5f2e544a351f2853cc16010cbb28846635c73cdd534363478c7b877dffeeead5bb77e60d7eedd1f984a16f67ff0ba1b1e5024e5c77ffff75f7efe0f7765abf8dfa02a6bf823c457bffa55bf690a1b464687ae3c72e4e886603018942491582cce17bf70279224313070807dfbf693cd66696a6e62e5ca15343536b26dfb76bef8c52f73d65967e277624dad2d2d2c5ab488f6f6761445a65452f9c13df7f0f8e31b09876df29a9a9a6278789889f109d2e914f97c1ecbb2f0f97d76e0dc21a1402080cfe747962514454156141459469665444944142544d176ed6c83c9c2b44c0cdd40d334745d47370c0c5df7c80d2c04c126315996f0fbfcf8fd7efc81003e9fcfdeb728a2e93a67bfe12cce387d3d77ddf57d3ef1895b4824128c8d8f333434c4f8f804854291582c4a674707d96c8e2d4f6fe123377e983d7bf6b279f353ac5bb796152b96e3f7fbd1759d5fbff8223ff8c10fc9e5f3a6dfe77f5af6293fc4501ef8fad7bf30fa4adf07551c8b2a61fd11e1c61b6f6c5114e5d2d1f189cb8b85d2717d8b7b79e3396fe4b4534e61627292db6fbf8373ce7d2321c7a258dedf4f4d6d0d93c924bb77ed6670f028aaa6b265cbd32c5edccbc76ff99833310d0e1e3cc88e1d3bd8b96b17fbf6eee3c8e020f97c8e542a452e9bc3eff713f0070847c2d4d4d4108d460987c3842311c2e130814000c5e7b3650815304d0bcbb289c725202f80eeb8756e30ddb5a65c8d966559689a86a6a9948a25f28502f97c9e7c2e47369ba5582ca2eb3a8220a0280aa150189f4f21180a130c06e8efef67597f3f4b96f4d1d5d545386c4b2ac62726183a3acc3d3ffc21e79c73366fbde002fefeab5f67d3a64d048341eaebeb58b264296f7deb5b686f6be39e7b7ec8cf1e7c8870388c200848b234e9f7f97f2a20ddfdd5af7e79f31ffa3ea8e237a3ea12fe11e09a6bae596e595c3d323a7e6928146a5c7fda699c7ffe79f4f6f40090cbe5e8e959447d433db95c8e2bdef31e46c7c678fe851718191921140ab164c912def5ae4b9064993d7bf7b26fdf00777cf62f29154becd8b183c3470e333b338b699a848241628904b5b5352ceaeea6aebe9e782c4130184094244cd3a4542ad9e491cf333636462e97239fcfa3aaaa43321a86a163e8869315b41d3897a80c43c7342d8fa0ec4ca18024c9489284ac28f8fd7e82c1a04d8ce13091488496e66682c1208acfe768b274f2b91c737373cccecd91cd64989b9bc5b2e0e081033cf68b5f104f24686c68a0a3b383a54b96b062e54a2459c2300cd6ad5d87699a1c387080502884248accccccf28b5ffc82ce8e76dadbdac8e672589645b158441445145369d435fd2a4992aefae087aeff95244aff6418f19f7ce31b77645fd11ba58aaa85f54ae2da6baf3fa550c85d572a95deae6a5a60fdfad3b8e2f2cba9adad219d4ef3e4939bd8f8c413d4d4d472dba76ee5e70f3fc2bdf7fe88d34e3b959a9a042b56ac60f9b26588a2c8dcdc1ccf3fff020f3ef810cf3df71c3333334c4e4e6001f1589cc6c6465a5b5a696c6ea2a6a6069fcf8761180e19a4984bcd31e71042a15040d33410049b5c2457791e40d37464c5760105042c2c4cc344922444494412ed9895a6eb1886e1bd278802822032333dcdc4c404866194355a02888280284a489284a2f8080603842311e2b118353535d4d6d55253534b301804cb2297cf333333c35432c9cccc0ca55209804030405d5dbd437a0a175f7821a665f1e31fff079264c7c82ccbc2e7f3f1b9cffd25e150982f7cf14b5c7ae9bb3872f8089b363fc5d1a347bd6d00c2a110a665ee5764e99f4531f283af7ce57323afd43df37a4795b05e015c7ae9a5678aa2f4114dd3de6a5a485816a17098bfffbbafe0f7fbb8fbfbffc273cf3dcfcccc0c6aa984ac287ce31b5f27118f73e5fbaee2b64f7d92e38e5bc5c4c4249b366f66e3c68dbcf0fc0b5e803c1a8dd2d8d8484747076d6d6dd4d4d6224912b95c8ee9a929262727492693a4d3698aa522baa67bda29599610c5f96e9f659af8030196af588ea2f8984a4e7adb54d60e564a15ecff595ed4dc300d0cdd602a39c5f4ecccbc7ac363dcc78a1a4459561025112c1351b495f4b5b5b5343635d1d2da426d4d2d7ebf8f52b1443299647c7c9ca9a929345d27140c120c8588456304c321af14485555d6ae59c3c73e76135bb63ccddddfff17aebaeaff71dcaa55f8fd3eb6bfb4835f3df104db5fda81dfefe793b77e82ddbbf770cf3d3f24180a4cfa0381bb24c1ff4f5ff9ca9d077ebf774615ff1daa2ee11f10975d76d919aaaedfac69c65b114cc1d51c5996852c8af8fd7e262727f9b77ffb77fc7e3f89789cd34e3d9573cf3d87b6d65600962f5fce37bff92d02c1004f3eb989c1c1410c5d279148d0bf7429dd8bba1d91a89f5c2ec7f8f838bbf7ec617272926c2683aedbfa25bfdf8fa669a8aaea28d2ed9a3e5dd7e7c5a15ca89ac65432495fdf12a6928247540265d1e7c2ca6401014b28bf76e243f39e921680696252ae3f1404c1765dc361dadbdae8eeee666464045dd729168b4c4d25191e1e467f5647f1f9a8492468696da5a3a383d5ab57e3f3f948a5d38c8e8c303a3aca54720a9f4fa1a6b696582c862ccb144b250e1e3cc4e6a79ee2f2cbdf83248adc77df7dc46231d69db08e1b6eb89ea1e161c6c7c6696f6f63dfbe7da89a8a58121b4b25f5169fa25c73c38d377e3f1c0c7efdf39ffffcfeff9b3ba68a85a85a587f005c79e5956b73f9e2c74dd37ca7655942a525223aa45052553efad18ff086b3cee4de1ffd1b9665f1e637bf89443c8e699a6cdefc148f3cf2284f6edac4a1830751d512899a1ababb16d9f1adfa7a2c606a6a8aa383838c8c8c904aa7b04cdbb5098542044321fc3e1f737373d4d4d692cfe5181d1db5dd3f178ea4c07e69bfb69cdf4d4d4dac5bb78ed1b15174ddc0a5ad85e535c03c4902d87202cbb2181f1f67667616d1f91a51146dcb878a9bd121ae442cc692a54b114591542a852c979faf6e617565ac4dd775149f427d5d3d5ddddd74757591482428168b8c8c8c70747090542a65abe76b6a482412c8b2ccbbde7509679d79167ebf8fa343436cdbba8d62a9c48ae5cb59b1623900b77ef236868686bc3198a689248a283e25150a47ee0afa95afde79e79d877ed77ba58aff1a55c2fa3fc4bbdffdee3edde4164cf372c3347d6e264d404010c13dfd02a0e93aed6d6d7cf6b377505f5f07c0e0e0511e79e411fef33f7fc1f697b6939a4d118946e8eaee66f1e2c5343737a3693a2323c31c3e7488f1f1718ac5223e9f8f683442381cf1a40daef50250c81748a553b4b4b67074f028b3b3b602deebb44005d9b8a465594423114e38f1440a8522d95cc6760b5f86ac2add44f7b5a6eb58a6c9c8c808994c06c121aadf044996696868a07f693fc9e464c5becb6ea6ad8e0701110b13c33029158b64b35972f93c9661108dc5e8e8eca4afaf8fa6c646544d63786888234706c964d244a3516a6a6be9eaea62cd9a359c75d61974757692cbe5f8f58b5b999e9e626e2ec5c68d4fcc1b7365570a4992f0f994d9682cfa0d5f3cfeb5bffed4a7267efbbba48aff09aa84f57f806bafbdb6666e2e7da36a18d75b8651e35a178e84db3ee9ce9977ad0c5992d0749d6834c2f1c71f4f3299e4574ffc8ac1c1235816b4b4b6d0dfbf8ceeee6e044160647898818101464646d0348d6028482c1a231c0e7bc162d7b57321545835d33333048301b0607070105555cb6e9debe2558cd7b22c644966e5aa95d4d6d6323e3e8e24cbdeff5c965be84abad00ddbd51c3a3a44369b451085322b560a459dd7fe4080eeee6eea6a6b999d9d419264ef8439940196e005eddd2194c70b9a6677964867b2948a452291088b7a7ae8efefa7a9b1896c2ecbc0fefd0c0d0f611a26b1788cd6d63656ad5ac9d9679fcdbab56b383238c81d77fca527afb0bfe2e57f8ba248c0ef1faaadadfddbbaba9a7ffce8473f5af8ddefa62a2a5125acdf33aeb8e27d97cfcece7cda34cdc56e7f28d3b23cd7af7242bb4f675114d175dd0e8a4f4f3bc2cd027ebf9fdec58b59b66c1935b5354c2593ecddbb97c12383140a0542a110f1789c48348a22c95858c790948b79c17141c0324ca667a6a96f68607c6c8ce4d414a220605668a82cb788d9db8945436303a79c7a1ac3c3c3a8a5d2bc63f1beb792b02cbb8eb0a9a98962b1c80b2fbc80a1ebde36c77cc6197f381261cd9a35e8ba4e2693b1cf9f4b8ace76f387667947b9b0465100545d2797cd32974aa1a92a3535352c59ba94fefe7ec2e130a3a3a30c0cec67667a8670384c5373333d3d3d148b45666666ecef701a14564a35166ace2ccb42922482c1d0b6d69696cfde76dbadf7fff7774d15bf2daa84f57bc2873e74e3da91b1a1bfeeece8dc505b5bc3fe7dfb397af428f1787cdea4744fb87bd3178b450a85028542c1134b862361fafbfb59bcb80fcbb23878f0207bf7ee617a6a1abfcf4fa226412c16435114e0584beabf823bc944512497cfb164c95276efdac5e14387102569de18ad0a4bab92903abbba686f6ba3582ca0eb3a866196272c203a26a4619a88a2486b4b0bc170888dbf7c9cb9d9594449f2241195045ef93d8aa2b06edd3a5b7a91cfdbcd019d6fb09cea6ae198f899e5155e7bef54c6e3049bf1744d279d4e33974a2100ad6d6dac5ab58acece4ef2f93cfbf6ee657878185951686d6d211a8d611a0686698265d9e35f30663751200882e73a8aa2484d4dcdfdbd3d4b3e7ddd75efdff55b5da02afe4b5409eb77c4edb7df1e1b191bbb75727cf22397bde732ff3bdff1764ccb422d95f8ec67ff92279ef8158944629edbe08a14b3d92c9aa693cfdba2ccbaba3a56ae5a49474727a9548a5d3b7772e8d0215455259e88535b534b201098a7149f67d9b8a8201db0a7b1b0e0529b9685cfa7b066cd5a7efcefffcedcdc1c92241d43200bf705764faadada5a9a5b9a8946a3f87d7e4ca7599f6de198605a048241a2d128856291175ffc35a9b972e0fce5e410ae4b876395767777d3d8d8482e97f3ea0cdd712d3ce6b22beb7adee5f3b270dbcace10a56291d9d959b2d92cd16884e5cb57b072d52a144561ffbe7d0c0c0c200a02cdadadc463312ce7dc090bf65b6969ba16737d7d3df1588cb9542adbdad2f2c5b56b8ffff2f9e79f9f7b99dba88adf1255c2fa1d70d34d37bd796864f48b93e3132bce3efb6cfee22f6ee3cebff9229b366de2da6bafe1dc73cee5a28b2eb635418120a665da01e19c7dcf168b459ba8eaeb59bd7a354dcdcd4c8c8fb36deb568687875114857aa72db12ccbf326aadb9df3374d1cf7f5420bc4cdea1986c19a356b181a1ae257bffa15d282929bca4f50f9bdce6fc33000bb5f563c11c7eff3512cdae24dc149014a9244366babd445519c97e5f3c6f93284e87e8f3f1060f9b27e0441b485a12e2950262d2f4120b8e33cf6d87f23b1bbe75010d00d9d4c3ac3cccc348220b264e952d6ad5b473c1e6760603f7b76efc1b22cda3b3a88c5e39e0c64e1391745bb63ea9b366ce0ed6fbf984020c0cccc0c5fff876f924acd6d5db776cdc72ebbecb25fbeecc9aee2bf4595b0fe17f8ce77be53bb63c7aebf1c383070eddcec9c303939c197fff66fe9efef67c3863721008b172fe691477ececd37dfc296a79f4612454a6a09cb0243d7c966b3c4e371d6ac5d434b4b2b8383836c7bf145262627098743d4d7371089441005dbb5025c13c46ecbe206aa5f26c0eda242a130cfca921585443c8e288a3cf9e4935ec0dd7412036e1ccbdd7f65498d208024c95e1706cb71d14451c4344d449700741dddd01dcb48f05c2ad330304d03d330ed1eee0bac384f482a8a58a649341aa5a7a7079fdf4fb158f4e26af32d3213cb1240b0bcc0bf77beacff9ab0a0bcbd6bc5e57259a6a6a6d1348d453d3d9c7cf2c9d4d7d7b37fff7e76eed8812ccb747476128d44319c9e5feed8354d67d5ca15dc7aebc79daa83e779c73bde4e7b7b1b1fbbe51318866eac5db3e66b679e79c61d6bd6ac99fb9fde7baf775485a3ff43fccddffccd86c7373ef177478f0ef56733690a8522866172e8d021366c389f134f38816ddbb773e28927d8d9b8e969d2e934e150082cc8a4d384c361d6af5f4f5b7b3b470707b9efc73f666666c69b9ca15010cb996846e5975bcefcf4328d0bac29771a5b6ef01dcfb27127ac5b07b86bd72e868786102afeef936514a7c64f961524d92ecba92c5a76bfcbeec8e0318267f155a2521e51b60e2d67f51cd3262eb3bc1085a1eb68ba46a9584237744ccb627676965dbb76d1dada4a6d6d2db2cfe71177a958f48e5370deb3040bb122f08eb7d0cecb905625a3e3b66786702842a43b42be50607474847ffde10fe9eeeee694534fe5e2b7bd8dbd7bf7b06be72e0281005d5d5d048241cfda320c9de3561fc7d8d818f7fcf05fb12c8b7ffede5d7cf94b5fa06ff162b6bff492b4e5e9676f1c1a1e3d7fe3c68d1f3efbecb31ffb5fdc86af5b5409ebb7c4d34f3f1d7cf8e1ffbce3b1c71ebf796e6e4e70dbaf88a288a228fcc77df771de79e772cf3d3f60707090c58b7bf9d9830fb17bf76e12f118a9540a1058b76e1d8b7a7a181919e1a73ff909c96492783c4e6f4f0ffe60c02629d39a17cf399608ca112041b0c3cf809341339144099fcf873fe0b7bb20e4f3249349b2d91ca55201c3b06c816543237ebf0f9fcf87e4b470297f974d04952e61e56437f4f2ebf2682c2736e4c5b78f2155c0694123024ab90716e56d0dc340d7759b5c558d7c3ec7d0d01063636384422162b118f1789c8023cb4010d054d556e9bfccb51304d13b9ecae4c0c271b9c7676281017e7f808ef6768ac512139313dcfbafffcaa2458b587ffae92c59b294eddbb7b36bd72e47c7d589a2d805dbb3b3b32412099a9b9b191a1aa6a7a7074992c8e7f30882802c890c1d1d5cfebdbbbeff9f3ffad17d5fb8e492b7dd2108425502f15ba0ea12fe1678f8e15f1e77dffdfff6ad9d3b769e5acce7d19df88d2b627463424d4dcd5c72c93be9e9e961dbb6ad3cf2c8a3a4d36972b91cbd8b17b37af56a66a6a779eeb9e7181b1b23168bd2d8d8442010f05ab3b85a283725bf10c758090e3b88a2dde133100ca2691a99749ad9d9196667e750551559510887420483419ba024091cb7cbd388614f643736e47ca373a456d9c273375c3836b714a7429735cf8ab185569eebe6be8528da869043be764c5cf0dc49cf2ad3754fd95e2814109d72a6783c4e341aa5a1a101555529954a689ae665edf08ecccd2de2b9a3f39213157f5b15d7571445106c8b6e72728262b1c4b265cb587ffae9003cfdf4d34c8c8fd3dddd4d7d83edca7fe2e3b7108fc73878f010c71fbf9acd4f6de15bdffa474451c470345da663f1ae397ecd96cb2ffff30f747474ecf8afeec32aaa84f5dfe2eebb7ff0be7befbdf7cbe3e36309c330bc988d6bf978ae886579e2c870288c691a64b339eaeaea39e9e493100591e79f7f8e8103079c0e994d0483213cf57b2539fd86407479f2db993859929064192c28954a4c4f4f93cbe528140a5896e5b56e712d28705c33d3c48d6a79e4e7ea983c46aa443998bd703c2ed1386f3843ac4802b8e3667e66f0182d5585f4a3f2b7e810b8e864f644514440c0b4ecbac7423e4f3a9341d7547c8a8f682c46577717c140906c368361d8db95bfa6fc3df38fbdfcff4a01adf71901044404010af93ce313b698fd84134fe484134e606a2ac996a79ec2342d16f5f4d0d1d1c179e79d437373337b76efe5b15f3e8eae6b5e7ccf72afb920a0aa259a9a9a67df7bc515379d78e2baefbdcc99aec24195b07e0376edda1579e491fffcc2fd0f3c706d3693f182d6959921dbdab1e3319224da1d32153fa9d41c86a173fc9a35b4b777b07bf76eb66d7d112c81e6d61662d108ae4e49280760e659572f0777e2ca8a8c2cc9944a2566666799999ea150b0b54a91a8dd70cfa7f8bc496937d8c376ed6cf3c233802aad447b101658e58ea1829b7dab1c99673459f3c8ad9cf9032c0141b040101d6b11eff3f35f0b158450693dbac46cfff682f2a260ff2d88886259b0691806c5a2bd3c99a6aaf8fd0162b118d158945030e404c435e7facd3fcb95e53e1e51cd8b6fcddfde25e5543acde46492582cc699679c49efe25e76bcf412bb76eda2aeae8ee69616dba2320caffa00f0328caecd278a12ba61a0c8326f7bdb45dfbcf8a28b6e1104a1da7beb655025ac97c1b66ddb96fcc33f7cebeead5b5f3c45370c47a56e93135031b94c0cd342966542c100baae934c4ed1ded1ceba134e60667a862d5b9e626e6e8ee6e6666a6b6a114401cb9c6f4dbcdc4510ec2ff1c8c6eeb81942d334a6a7a7999c9c2497cb21c912e1b04b524a05499583e1e0febd90a02c2fb83f4f3251f1b7059edbe85a83c0bceea265ce2dc789ec4c9fe01e09a228224ab675248a76ef2b0401a942353eafd4a532625f814a722b9397fd39499440c0139b66d2698ac522b2a2108fc7e9ece84051142751a2cfb304ad05e4eb9d072a86b2c012134501c330999a9e627666969e9e1ece39f75c1459e6c9279f64767696c57d7dc4e371af0b862b307576e26564dd6cb0f3f54d5c0000200049444154a66a9c71e6fa67ae7cef7baf88c562d52e100b5025ac0578fae9a7df7ce79d5ff8ee91c1c11649b28b7b5d57d09df0767c45022cbb6b6620c0ccf40caaae71d24927d3d0d0c0b3cf3ecbbebd7b4924e23437b7a0f87c98c6bc9cdf316e6065acc70d05b9c5cb856281a9a969929393e8ba4e381226168be1f3f98f99049593cfb528cade8fe9b4352eb734b67f9b5ef6ce0efcdb1204c3f9a95c527ea11ecc252c9b3ecaf3be929c2b49c90db44b4e63404992ecc67f4e5652926424d90eccdbd948fb9bdc735e7e78cc77354541c01205871445475fa591cbe4984bcda16bb6e0b5a1b191482482ee644ce7d73fbab674e5399bcf64c7085145c865edc486699a9cb67e3d279e70220307f6f3ccd3cfd0d0504f47672782202eb84e1527cfdd17502816e9e9ed19bbe1ba0ffdbf8e8e8e878fb9495fc7a8125605eebaebfb377cef7bdffbd2ecdcac6259e0f339a52fe6fc7ee5605b3cc15008cb34492693343737b1ee8413999c9ce4a9cd9b281655da3bda8945a39ef92f5490d23164857d314ca79c455614fc3e1fe94c86e1a1a3a45269028100d16894502884e8a8d2170a3a6d6b085cabcaae65346ddd9339ffa7321ba73b8b42b863ad0cc4978759261d57edbdf07f2ecaf1212764bf609ceef17ae705bc078124d9520b4551bc45286445c627db16a46b59393b9c7f119d983e4eac0ba1acaf2a140a643319b2d90ca15098c6a6266a12092ccb42d5549b5ccbe6d46f24ac32cadb18a6c1f4d434816090d19111dadbdb39f7bcf38946226cdcf838a9548abebe3ec29188d76ac73d6ebb83873d66b089b7542a914824b46b3ff8819bd7ac5efdd5df3080d71daa84055896257df39bdffcdb8d1b9fbce1f2cbdfc3a29e456cd9b285bbbe771779271b450539f87c3e028100994c865c2ec7da75eb686e6ee6b9679f65fffefdd4d6d6d2d4d48424c99896392fe3764ce26f0189054321046062628291d1118a852291689444228edf1ff0dc888599c24a8bc90daceb159691eef45f77c9a9d26ab2c08ba52d54cdbbd9c7cae5b8dc76356e99d1fcc399efce098ebec1753d177eb74b9c0b65139ed5e45859b26cebc35c9d98a2285ee1389413906e80cd335c2a48d6fd319c826ab71ca9adad8ddada5a4cd3f4dae05406e7e759431563b3bfc37eafa4da0d0e972c59c2c0c000994c06455138f9945338e9a493d8b56b175b5f7c91f6f6369a9b5bca72918afd55de1f9665512814100481abafbaeaabe79f7fee470541986fa2bf0ef1ba272ccbb2e29ffef4a7ef7afef95f5f74f7dd776159163b77eee4ecb3dfc0e31b3772ebad9f9ab7bddfef4791652627270885c29cb67e3de9748a279f7c925c364f5757875d2ceb1241c567bd8c62c5fb6e205df1f93ca1e9c8f008f97c8e7822414d4d0db2246151f124f682d1aee8d22628c330305c15b969a0aa1a866194178d304df082bdee982a48c9119156feb8297d77bca66561e83aaaaaa2aa25db855c10b81744d14e0e38825451129d25ed6dab69a1decb302a0855b7c7aa6bba67f5cd2bb17148539665028100c160d011bacae57ac30ac25c18f31204d189198998a6611741cfcd2108020d8d0d34d6372288029aa6629a2faf90f7accf0acbd025c09ede1e0e0c1cf06417a669d2ded1c1860d1b304d935f3ef6189224d2d7b70459f1619a650e129df3a6391d64d7ae5983288a3cfdccb39c76dac9f75f71f9e5ef150421fddbdedbaf45bcae092b9fcfb77de63377fcdb8f7f7cdf691ffff82dbce31defe0ddef7e37a3a3639cbfe17cbefca52ff29ecbaf60c78e9d04fc7e02013bb03e3131414f4f0f2b57ad62e78e1d6cddb615499259d6df8fa669c8b2e24442dca7e7fc1e5895f0fbed18d4f4f434c3c3c3148a05e2f10489441c45563cf575e5d3ddb5a04cd340d7ed9217c3b15c0c4347d574d452695ebb632ac652e972c98a622f002189f8149fa33c373c7751377467c188793d41ed0c277825340b03e7f302f71516a4eb0ab9c423c92e91c9288a0f51b049d1743a40188681aaa968aaea11b09d5db5872388223e4541f1f9088742f672644a5990ea8d85726952a5d52539ab04e5b259a6a7a70081969616eaeaea1004c16e21bd60fc95fb057b4dc5b9b9398ac522ad6d6d1c18184055554cd3f4ea27038100679d75167d4b96b079d3930c0f8fd0bf6c19512764e0eedf30749a9b9bf9d8c76ea62691c0342d0a853cb77fe6b32ce95bfcd475d77de81241105eb76b26be6e95eea3a3a3fd1ff9c847efdbbcf9a9e5e17098fafa06a6a6a7999898449624f6efdb8f6e18c46331245124140a91cb664967329c74f249d4d4d4f2f8e38f3338388880bdf2712010a870d7ec27b0f83224655916b222e3f7f94967d21c3c7888422e4f3c11a7a1b111c5a794e366385e89e3569986816918e80ea1d8c46250524b68aaeab93495702d279fcf87a2c84e860e0cddb089cd30904491bc90a7542a79358595f0641cee315404e02bdf07d75d5ad0f5818a603cf337161c374e70ac39c969252339c25045510844a3ce84363deb4e55354f50aaaa2af95c164956080683449cb514dda26ea74cdc7e8c58a6ed3f0a02ba33cea8d3fc30954e333a3aca647292f6b67662b198bde2b5a36d3b16e5be589168d4b60e0dc33e1e41f488dd344d1edff83843c3c3bcf18d6fe4e0c1833cf7dcb3747576d1d4dcec65240dc3e4cffeeccf300d835b3e7e2b9aa6f1d18fdec8fbdf7f15b7dd76fbfa52a9f468a9547a9bdfef1ff8cd77f76b17af4bc24a26936b6fb8e1c607b66f7fa923118f515255363ef1046f7bdb457cf8c31fe6b9679fe5bdefbb92542acda1438788c562cccece2208026f78c31bc864b33cf4e083a4d369cfb570859b4d4d4dccccccccd3dd005e264f1445a2b118c542813d7bf6904c4e128dc6e8e8e8c017f0db37ae61daf124e7b36ec0dc307434c755722d0fb5a47a56406550df5d2adee7f7a1c88a67add841f622ba6ee0ca340441c0705cc68531acb2cb68afcaecb98b8aec65f44451f42ca64ab8b12a77bc86693aee9ee6651f355d2b5b614e633fd3718d4c677b7b2c22b26c971cf97cb6405410444ffdae3aa53986ae9349a7c966b3f81cabcb957c08a26b635510a9e3da19cef94bc4e344231132d90c070f1ec4e7f3d1b7a48f483442a958720ac5cbfbb061c7e642e130f95ccecb0657c62bf3f93c816090c3870ef1a3c90936bce9cdbce52d17f0cbc77e41369ba5b7b7170b3b3edaddd5c5c6279e60787818411079f2579b78fb3bde4643433dcf3cfbdcca7ce18bbfc8e5721786c3e1edfffb59f0eac4ebce251c191939f5baebae7f60fffe81c6582ce6bdafeb3aef7ad7bb78fffbaf221c8e303e3ecee73f7f272f6e7d91d45c8a44a286b5ebd632b07f3f2fbef8a237196da200b06ff6152b5792cbe5ec4e058e68d22d568e4422e886c1d1a347181e1ec5e7b48f0985c35e66ca0b7c3bc461139386a1db44a53b13b4542a792d5e2a5db172f1b2ec8925554d43735c944a9896e5594aae15e62e6e1a72ca7802013f81805dcee3f7fb517c8a435e3292287acdec2abb707aa84806984e12c0234dd526da7ca140b150205f2890735aef148b453455b5636e8e4669e1be2badc6803f80283b0bc0168b148b458f10b12c64c5b1ba221167b158f9652c4800b14c6a02e89aee15af271271babb17e1f7fb29140b984605d99b0613131374777573f4e8207373a9f22970ce83e0e8ac1459269148a0eb06a79f713a8b172fe6e19f3f44a15064c5ca955896c5876fb89ecece4ebef4e5bf45d3343e72e30de4f305eebcf36f9065996c2ec792bebef15b6eb9f9c2783cfedcff661ebc5af1ba22aca3478f9e71dd75d7df7fe8d0e1ba682ce66996dc206cb158a4b9b999baba3a26262648a552a45369ba1675d3d7d7c773cf3ecb8103030882e8957b544e229fa2d0dad646efe25e8ac5a2d3d00eaf97552a6d5b6cf95c8ebaba3a1289841d98752d1d27206f3981ed4ac981a669945415d5212ac10d843bc16dbfdfef5975aaa679312cd399f4eeb19aa68508488a423010201289100a858944ec65e943a120017f009fdf8f4ff121c99217137203f395e42488a297cd7b39542ad74dd3266293b21875a1bca2582c92cfe5486732a45329fb1a38f5986e4cce1d832849b6f6ca79cf5d1d489665870cf3948a252f0b298aa2ddbf2b1eb7578196c46355116e20dd954e38d9baa9a9294a6a89d6d6367a7b7a6c9754d3310dc32648d32e951a1c1cf4fabfcf4b16b81206cb4212451a1a1a48a7d3ac59bb96d34e3b8dc71f7f9c91e16156ac5cc5a245dd7ce4c61ba8ababc7344df2853c5ffce297191a1af25cdc7c3ecfe2de9ee4adb77ee24f63b1d833ffab09f12ac4eb86b04647474f7fff351ff8c9912383b5f158cc0bc4e20663ed40118661d80403a4e6e6e85fb68cfafa7a366fdec4ccf4b41d3bd2f48acc991dab70e12e33656bb0ec6ce1d8f818a3a3634c4d4d110987696868c0e7f379710b9cfdb8712b3bc86cbb4d6e316fc9e99f5e19b876e515922ca36b1a2537d00ee5f20fc7ca91649980df4f341ab58b856351a29128a170d8213b0545f1798178b942d4e9893b2b098b7202607e307a7e6ed4ad01b439b37c8c86e3e21a4ed2a052c4eafe5fd734d4924a2e9f23934edb2b3d4f4d914aa5ec35160d1d5956ec563892e85955b22c130c05edeeac085e0bea52a9e48dd7b5b8a29108a2ec5a5c4eb6d3b9b6954a7dc334c9a4d34c4d4d138b45696b6b2316b71b174ecf4c53281449262729154b2f1feb72afb5f3f0100481ceae2e66a6a7696b6fe7cd6f7e33dbb76d63e7ce1d2ced5f4e7b7b1b2b562c47144476ecdcc9cccc8c1dc0afc84ee6f3793a3b3ba63ef5c95b2fa8abab7bf6f73353feb8f1ba20ac91919153afbdf6433f3b7cf8709deb067a7ae68aa7a05bfdeff6573f6ef56a0441e069a7015f3a93a15428d8c16158a04eaf28581604bb8f94d32ab7542a214912f5f5f576533e47bf5459646b98069a6abb6fbaaea33bd686ea74daac1457fa030102fe0060512aa9944a456ffc6e71adaeeb288a42381c261e8f53535b432c16b72daa60d0ae7bf4d90475cc8f43d8deba7f853c855c9eac53585d2814d05495926a67ef16eaaa6cfeb725048a935c70adc050d8b1e6426182a120c1a093d993ed45340cc3f464186eeccbb2ac7956582e9763666686c9c90926c6c7cb1d299cf81ae01594fbfd7e42a1108aa2a0aaaa571c6e18866771251209c2e11092247beeb82b68750b945d944a4566a6a7c9e70b9efb2d8a22c55209cbb43c625e287b7013192eb907020116f52c421444c6c6c6f007025c7cd1450c8f8cf0d4e6cdf4f5f591a8a941d3b4b2de6c81564d745ad62c5ad433f1e9db6e7d4b2291f8f5ef7ff6fc71e1354f58a3a3a36b3ff8c10f3d7cf0d0e1465775ee914b05e1088248c0ef2393cdda4b99af5b472a95f23239870e1d9adf5bdc1144ba2b1adb6f09debe5d91a465594422116a6a6a8e09c483ed22545a479aa6512c1428a9b63be92ebe2089a2d71ac670dc10d50d488327141545914824426d6d2db5b5b5241209a2b118e17088803f80e204ad2b059800a562917426c3ecec2c535349e666e73c61aca66b9ee12489a2d7cf4a94ec40bb20daab397b5941e7f831edaea2f3c4ab86ad13b39c092d4b12a1708868244a6d6d2d3535b5d437d4539348d88a7e5144d3358aa59267759ace7e7597bca6a7191b1b63646484e9e969cfca92dcb6d2a6699377244cc01fc0300c32e934b97cde5e105592f007fcd4c41384a31127e0ef1e49b9bd8c7baf98a6412e9f676e76ce5b497b5eec0e574af1f213cc029a9b9b686b6d23959a439615a6a7a7515595775e7209b95c8e471f7998dedec5b4b6b5a16a9ad3a9d59ce77ebb2e793e5fa0b767d1e85ffcc56d1b2291c8cedf7e76bcfaf09a26ac4c66aaffca2baffdc5be7dfbdb63b1186e21b1858558e1c6899284df59de5c10048e3ffe78c6c6c6f8f50b2f70dafad3b04c8b279e78c2c9f20915f9f932512dd420b945d3353535c46251dc2672ee29379d5abd92aaa2e9b650d2edf554b92c982ccb3651f9fde89ae65907387b7303cb7ebf9f9a9a1a1a1a1aa87596648f44a39eb0d20d9abbae682e9723994c323232427272924c2643b15442c072dc2ca725b2ebfe59ae3ecb8e3909e011a4a769922540c0ef8860dd738373d41ea1579c275743a63a41f892aa8265af9a138fc7696868a0b5b595d6b636e2b138b22ca1aaaa4d605a99c0dc65d292c9244343430c0f0d914aa51004014551bc2cad244984236142c110a6697af131d7e20d8542d4d5d5110c059d3ac872bf08dbb2b6dd46d3b4e515b3b3b376817565bf7ae7da54aae3ddfbc5324d0281007d7df68a488562d123a199991972f93cef78fbdb112589077ff653babb17d1d6deeeb9fa0b27ac6b5967b35956ad5c71e8d65b3f716e201038fc3f9f2daf0ebc66092b9fcfb75f7ffd0d8f3df3ec734be3b1a8a3bbc121ad7210549264fc810073b3b3f8fd7e56ae5cc9e12347d8bd6b275d5ddd343434b072d52a363efe38bb77ef3e265bf57235748661e00ff8a9abadc3eff7bb1b3a05b576f059d3342f15ef2ef5554944b224110a85f0070265a27202bba6695272fab0c762311a1aea69a86f7096ff8a3bd9b072664f96240ac5a24d50c3c38c8d8d313b675b07b22ce3f7f9ec189069af7ca3691ad96cd68b9bb913dd1577060201fc8e90d65598bbaea0284af814bbbdb224da017bf79c1886e9d4351a760b64e76fd7cd2907ee6d0165b16067fc8ac522a228128fc7e9e8e8a0bbbb9bd6d65642619b740a85a29735758924954a313232c291c3879998987004bd8ebb685928b24c2412251c0ea2eb06a9548a42a16007c52589443c4e4d4dc216015be5158adcb8966db919944aaa477a7666d621352fd141d93d74accd969616dadbdb994bcd396109fbaa8ba2482a9526954ef196b7bc85783cce4f7ffa133ada3be8e8ec9cd7d7abf27e73cf5d2693e1e4934edefef18fdf7c9e2008c9dfcf4cfae3c26b92b02ccb8adf74d3cd8f3cf2e8a3a7d4246ae60584bd403182a3ebf1333b3747301860d9b2e50cecdfcfe0e0205d5d5d88a288aaaab47774d0d6dece433ffb19131313762adfb9092bc9ca0d1cdb2e60c2c9e808de23d79db8aa6a9342a954b283c1aaea3d955d916a2018c4d075f2f9bce7e298a649a9544251141235099a1a1aa96f68205153432c660b1f03015bc02a4a12f95c8ed191110e1d3ecce4c4048542c1aec9f32988ce4ad3f97c8e7c2e4fb154b23b618aa2973d8c442244a3516fbf7ebf1f59511cb7d0d65ea9aa6aafa8bc68117575b5e8ba81ae6b689acec8f03043434304824124b1a25381535a64399691aeeb9ef4c23d379aae6339759816b616ad502890c966d1348d7038447373338bbabbe9eaeaa6a6a606d3b2c8e7f37626d5d977a15020994c72f0c001060707c9e7f3f3ac215996bd827297e88ac522e02650ea88466336df988eb5e59516d98a7c5dd7999d9b259bce222be556d32f57d2a3280a4b962eb54ba74aea31dbd91d260c26c6c779e3397603c09f3c703fad6ded7476767a0f35777f959f774b84ce3defdcc73f74ed07fe541084d7dc9262af39c2b22c4bfecc67eeb8ff5fefbdf782fafa068a85028a4f41719e94ce5688924356b3b3844321962d5fceeeddbb191e3a4aefe2c5deaa2e02a0aa2a2b56aca0502cf2f82f7fe9d58955ba36a66120c932f1449c4838525ea9d879829aa653d3a7bb7dcaf3de13dd9528048241229130966991cbe7293996852008a84e47cdfafa7a1a9b9a68a8afa7c6895155ba7da592cac888bd8cfde8e8089aa613706255ba4380b95cce56b43b4256570e904824686c6c24914878c4540e18dbe7cd2510047b8598d5ab8fe3924bde49b150209dc9380167f0fb7d747577b17bf71ebef39def623956da4245bc174b747e5b96e591b9aaaae89a5d92a33ac17dd785d434d53947256459a6b9a585dede5e3b589d88dbee752e8fa6eb4e9f2995a9a92407060e70f0e04132d92cb2137b72059bb168945028482e9767ceb1400541201289d0d8d880a2f8304c032c7b392f4b1011b13b35e8ba4e6a768e543aed941b49541eac6b69b5b4b4d0d6d6c6dcdc2c08a22737712514b68b679f99a1a121ce39f75cda5adbf88ffbff83b6b6b66348abe2be076c4b2b9d4e73c93bdffeaf975e7ae9a5bff384fa23c36b8eb0bef5ad6fffc3c30f3ffcc10fdff8613adadbd9b4691377dffd7d745df7b2736eb1716a6e8e5038cc92a54bd9b3670fc34343f4f6f67a2bfccecbfc01a7ad5fcfa38f3ecac10307eca7b4602f5f8520e05314cf1a71e1c66975c3f07451a552916c365776ff9ca76e341a419615f28502f97cde8b7de84eb7ca86867a5a9a5ba8ababa7bea1de5e84c1efc7ef949f4c4f4f73e0c000030303e4b23902c1207ebf0f55d5bc00b3aee9b8ae473018249148d0d9d5495fdf12962f5f86cfe767dbd6ad0c1e3d4a2412f1e24e9525356e3706c330696e6ee6c61b6fe4d9679fd10f1f3ab23f57c83fa3954a237ebfbf2e97cff6e5728513afbeea7d89f1f149fef99fff994020706cc263813b6d5a164d8d8d343737a3693ac9e424d353d3148b05344d47d5548ac522a5a2add607dbaa2ae46d2bd1e7f7b368d12256af3e8eb6d6360451f408dacd34ceccccb07fdf3ef6eddb472e97b3130f0e59868241e2f1389224d9f2896c16c334f129327575f5c4e231cf5a46c08e853ab129c33048a752f68ad28e3ecebd11dcfb6ed9b265889248319f07412c272870b3d5b6fd89a3f51b3a7a940d6f7a136dededfcc78f7f4c6757271d1d1d4ea5c2fc054adc4e14ba6190cbe5b8febaeb3ebf61c3799ffcfdcdae571eaf29c2fad9cf1efae837bef1cd2f7ffffb7791cd66d9ba6d1b1b369ccf33cf3ccba73f751b922c2120a2f87da4532942a1108bfbfad8b7772f070f1ea4afafcf5bfdd8aa202c5731beb4bf9fbd7bf6b073e74e1445b1ebc40408064244a311bbfd0be5cfb9992cd5a9f12b385655a5091f0e871d77a4442693f544a18661202bb64bd2d2da4a4343030df5f5c41309028e24c1344d868786d8b57b1763636376d038184277b3604e30d9d54ef97c0acd2dadac39fe784e3ee56456ae5c457d7d9d17b30a87c3b4b43473df7df7f393071e201a8b793dd561be45a4e93a6f7deb5b8984c31b6b6aea3f76f6d9a7ef100441adbc1e9ffffce77b1e7b6ce3576efed8cd7ffaf3871e626474d4d675b969fa0a5d99e5240e2ebcf042fafb97629a2681801f5992994ba518181860e7ce5d1c3d7a944c26639f53552dcb2c740dd33051d512e9741a4db3575e5eb97225cb972f271c0e9373cebfeb86ce4c4fb37bf76e0e1c38e0b8cb36c18892442412261a897a04572c16110581583c4e7d7d1db2acd8d2084104b12cfa755bd7cccece02f61a90ee24134591152b57d85210dd28d7655ae5eeaef326a400a56289f1f171366cd8406353130f3c703f3d8b7a686d6df5164371ef25c33058d4dd4defe25e92c929b66ddbc62d1fbbe57dc71fbfea7bbfa729f68ae3354358dbb66dbbe0ca2bafbaffda6b3f205f74d1855c7ae99f939c9ae2f4f5ebf9dad7becad5575fcdeeddbb098723a4532902a1207d7d4bd8b76f2f83478ed2dddd892495631b0b6f1ed334696d6b63e7ce9df67a7e4ef6c91ff0130947f0fbfd6522126dcb4b7574559aa6914da729699aa7a7f1f97c44a211b06c0160b158f402dc82935d6c6b6ba3a9a98986c6466759ab207e9f0f55553974e8103b77ee646e76966030e8acb29c25e3f49ff7c90a82a333eaeceae2e4934fe20d6f78034bfafa70dd8d7dfbf759e3e31347b399f4f652493da4696a4b24123deba28b2e6c7ef89147d8b163a76d315a15cb8e09829328b3b8e0ad176444ace3fffccffffcd06fba2e5ffbdad75a65c5b77b2a3915dfba752bc160709ed556797e2fb8e002ba3a3bad4d9b371d98999e1e2f14d5da6834dcdcdddd5db764c9123a3b3b1110183c3ac84b2fed60efdebdcccecca2aa254a8ec6aa582878625bd7ed8e4663f4f72fe5b8d5aba9abab75dce2bcd77a273939c94b3b7670e8e0c1791d166459f61218f60ad6b398a689dfefa7d1e95a3aafc7bf9341d6759d7ca1c08c23b1f0e42c82c0d2254bbce3756b39ddaaac855945f79528088c8d8d71ce39e7108bc779f0673f65c992a5343635796eabaeeb9c77eeb95c71c57bc8e5f3442311366d7e8abbeffe7efef6cf7ee64d9dadad9b7edbb9f4c78cd744f17332995cf2def75ef93d4d53e578224e2a9d667676169fa2303232826ee88e992fdb8dd5fc3efa16f771f0c001868e0ed1dbdb83e01431cf4bc33bc161dbbc97d05495d9d91900cfca0947c25e1b18d73ab70b72cb19c06c2e87a197cb6922d1287ebfdfcbc4b9300c834824425b7b1b2d2d2d34353651535beb05bc354d63c78e1dbcb47d3bf9429e48244a3014626e76165555090643c4e2714441a0b9b999d34f3f9df3379c4f5f5f1fb96c969776ece49e7bee498f8d4f3c53c8e71f6eebee7cead4134ed87be1851766dc317cee739f6bf9def7eefafb33ce38e39d2fbdf45279459f79c2583b086e68da617f2838f85f5d9bebafbf7ef4de7b7fb473e8e8f07a37605d69bdba3aa944228edf270f8c8c0c5df986b3ce7cf1d4534f2ddc7efbed3e4dd36a5efcf5b6654f6f79fa2cc5a7bca5a3a3e38465fdcb84f3ce3b9777bcfd6d1c3a7c982d5b9e66dfbebd64335974c3b083f369bb436ba954a2582cf2c2af5f60c78e9758b66c39ebd6ada3a1be9e6c2e473e9fa7a5b58dfa8606162f5eccd6175f64746c0c45966dbd562643492d515b5343381c646232494955191919a1bebe9edaba5ac74534c114bd8569c3e1308a2c33313169bbaa3e1f98268562919a449c5c3e8f20b802e28a18961724a42c27019a5b5a78f4d147f9d30b2fe4bcf337f0e8238f202b0a353535a8aa4a434303975d76290f3ff228f7fdc7fd2cebefe7e69b3ec2a64d9b435ffa9b2f7c3f9fcfaf0f8542affab634af7ac2b22c2b72cd35d7fe706464b43e168fb3f1f18dbcf39defe0a69b6f62cb96a7b9f2caf7323737c7befdfb1d374b66d9b2e50c1e39c2e1c387e85ddce7081b0dcf3d7127a86d31098ebb12606060806c26eba9d5c3e130b224dbd92c41f49eae6ac9d656e5f3792f1e65018a6417be4a92442a9d4673a409ba61204b12adadadb47774d0dcdc4c7d7dbdb744976118ecdebd9bad5b5f249fcb138bc70806434c2593d8ad51a2484e2170ffd2a55c70c105ac3f7d3da669b27ddb76bef98d6f2693d353bf8a86a30f0502ca13dffec76f1ef94de7f3539ffad4d8edb7dffede42b1707c241ce9d31ce9835746545119a0f8fd73975c72c97fdb05335e93386018fa7acfa574f7e3081f354d43917df4f7f7ffd5ca952b9f7237b9e38e3b5460c2f97902f8ecedb7df7ef2f3bf7ee1dd4ffcea898bc3e148c7ba756b79fbdb2e461045b66eddc673cf3dc73fd27a960000200049444154c8c8089148c44e04a4d3643219644546d774b66fdfceeeddbbe9ef5fc649279f44434303994c864241a0b7b79796961676eddac54b2f6da790cba3f87c68aa462a9d21e12c6431994c92cd64482693944a25a7bbac2d37c12178491209f8033434d6939c4ca2394afca9e4247575b5881e59cd4b6594efeb8a73e5ba8c757575dc7ffffd5cfaee4b39e3cc33796af3668e3ffe787c7e3f0d0d0d4892c4c30f3f4cb150e0f9e79f67686898e3571fc757bfb6a9fb1ffff19feeb62cebcd82201cab8d7815417aa507f0bb221a8d7febc1071ffc939a9a04a220323a3acad8e8187ff667efe4e28b2fa2542cf2d79ffb3c870e1f4600962c5dcad8d8283b77eda2b3b313e965164a7061139849381ca6502c72f0d02162d1a84756aec64814442ca7c548a9a4a2ea9a33090a1ef9058241a70dafc1dcdcffa7eebae3a428eff73333db7bb9ddbd5e38dad104a4d8501110c1823136b097a85113634ca2a9243146939f3136ec15b150ec880a288814af50ef8e836b1cd76ff76edb6ddf9d797f7fbc33b3bb072a1840fde613af2dbb33efcc7cdf6f79becfe397c50f789e87d96cc1c81123505e5e8ee2921238721cd0e929cabbadad0d9faf5f8fc6c64668b55ab01c079fd787542a05abd54a51ed763b66cf9a85bbeefa252ebfe2721041c0c71f7f1c7deffd0f3fa9adafbd9f4f257ffbe20b2fbc5c59b96dd7962d5bfcdfb6a65f7cf145f2da6bae1b515b57371d847654b3469044675e317a54db3b6fbffdcab7bddf82053f99d6dbd333632093762703749b482460b198a3e79c33f38f8f3cf288f75b8ead73cbe6cd9fbcf8c20baf984ce6bac6fd8dba4fd7ae2d6a6f3fa8a8a8188df9f3e761cc98314826938844a3340a1637164e44bf0b3c8feeee2eecdd5b8f443c8182fc7c98cc66b97e98979f87a2c24244637139ad93ea655aad16769b152cc7cab0944824029d08ee1d9a222ac58d241a8b89ddcd24544a95d8c9a4543562331900d280e621f7612a9582591c2bdbb1633bce38e30c28140ad4d5d55187c9729835eb1c004073730b264d9c88f3ce3b17ebd6af479fdb8da6a6e6615aad5abd7cf9f2f5df76bd7ec8f6a38eb0d6ae5d7bebefeefdfd0d168b4546b02b954aac5ebd1a5f6ede0cabc542a7ece371083c8f8a3115f079bda8adad45417ebe5cb806907583d01fe9cf54162a8ae6a626e8f57ab00c1d9c95a20eaa0c235086049115333418445202f9318cd82ed7211c0ed31a93d80d532995282e2e42b148e266b7dba1566ba05070e8eded45755515fafafa60369b603018e0f5faa0d1a8919b97074204582d56cc39f75c5c7cf102a8542a7cb5ed2bacfe70754b381c7e5dab55bfb5f495171bbeebda86c3e1012063cc06193b7e9aaa597924efd5ddd535c08a2c0399232e996bad50287c4d4d4d470c769c3061820fc03200cbdadbdbc76edb567dc59a351f5f1e8fc7474d9f3e0d975f762962f138366ed888ea9a1a68b45a24e27104027ef80301844394fda1a6a61a0dfb1a30e5e429187fd249d0e97408068370389c983d7b36f6eddb871ddbb723140a81655974f7f4c06ab1c06eb741a3d6c0eda6295f6767175cb92e188d4691a195c894cc9293ebef1f402a95425bdb41e8f57a180c060c0e0629ae4bca0533822d29754e2593308ae215e17018e170182b962fc755575d85c16010f575756059166fbcf126aeb9f66a9c7df6d9301a0dd8ba6d1baaaaaaa156a9a0e058bcb6ecf57b6b6a767e3565caa4f78e749d7f68f6a375584d4d4d936ebae9e687b51a8d2c27c58883a76ab59ab6b9a31128952ac46231548c1983482482dada5a8c19331626a3117d7d7d90b99c009a068aef4f4064b1d2e6961679dc84b22370621a2892cc2512482653f2d0b4e404398e83c5628152a582dfef47341a95534d93d188b2b232141616c2e972c1603040a552211c0e5385e8c626188d46d8ac56787d3e28554a1414e68bc054232e38ff7c5cfc938b110987f1c9c79fa0b3abb3d291e3787ad4a811efdd7aebad81af5bb723358bcda6e2795e2cad10198f250d18b11c875432a9ddb0618362e6cc99df986624128941399290534ac8d70b00140a65c2e9747ea774a5b8b8b81ec05f08210fedd8b163eefaf59f5dbf65cb96b9632ac6a867cf998d73e7cec5ba75ebb06ddb36a8d46a98cd5678bd03f00702884638c463716cdcb8117b1b1a70d69967a2a8b8589ea31c376e1cf2f3f3b16deb56b4b51d804aa586d7eb45229180d3e542616101fafadc0885c2e8eaea82d3e980cd668720392d8601cb71d01b281ba9cfe78720f0a8afafc788112360341a110e87e9d80fc9de1c084311ff46a3118944021d1d1d88c562e0380e1e8f07ab57afc6c53fb9181f7ef0215a9a9bf119c7a1b9a505238697c3ede9475d5d9d7c2fb22c07060c963cf5d4b33d3d3dbbf2f2f2dabecb5a7fdff6a374588410fd75d75dff62281c31983238b125d1007a93b0502a95f07b7d282f2f07c300b57b6a61b6582823a85289d2d252f4f6f622168f439191f61041805aab412a99424b4b0bb41a0d589615955a584000c03232203199e2118d443038382877d2944a256c562b0441407f7f3f52e2a0b2041e2c2b2b437e7e3eec763b345a2d08216868684075751552c914adad84428846a3c8cdcd05c77150a9d5386fee5c0ad48cc5b06ae52af8fc81cf274d1cfff89429933ffa36c7713466361a4c74b097cd1a4d916a5984108065b51e8d4709e01b3f97e314112a2f9f89e896be32593fff2fc6304c04c0bb00de6d6d6d9db07af59a1bfefbdf47af1a3d6a94e3820bcec7ac7366e2c3d51f61c7f61d50ab553099cd1818f0c2eff7818dc530e0e9c7ca952b316efc38cc987126ec763bfc7e3f6c361bce9d3b173b77eec4ce9d3be82c662482ce8e0ee4e6e6a2a0a0006eb71bc160007d7d6e249329b85c4e48fa8f0ca4cdcb0a8081cfe703cff33870e000860f1f0ead562b960fd2e72235238c461342a141f474f7d0068d18a1aa542a34373763e3c68d98377f3ede5eb50a3ddddd6018068d8d8d32c1a124750642a0d56ae1f1b89d2fbef4d2338490f90cc308875dc81fb0fd281dd6430f3df4c0aeddbb27d9c59d4c3226fd1440a950623018843337170683013bb6ef402a9582bbaf0fe17018bdbdbd282b2b43516111fc013fdde5402307bbd349298cf73640a3d58265185affe038393290303fa91455190e8542b4502ade18168b05f1780c81409032161002b54a85d2b252141715c3959b0bb3d90c954a099fd787caca4ab4777420c76e87a0a16ac2767b0e8c62eb7cdaf4e9b8f1c61ba0d56ab1faa335f0797d9f4d9d3af9918b2fbe78cdf15863b546ad95285864c56bd0fa0a016d2ee8b43af5cc11677eeb3dc42898c45018c3a1c62aa2d1e831aba90e1b366c0f80bbababab1fa9aede7ecbff3dfcc8cf268c1fe7bae4928b3173e6d978e79d77d1d4d4049d4e0793c988fefe7e04fd7ea4041e75b57538d87610b366cd42d9b061181c1c44281cc6b469d3e072b9b0f9cb2f1108040042d0d5d50587c30197cb05b55a058fa71f03030310040aac8538d2c300e0141cac560b92a914028100e2f1389a9a9a307cf870982d6684c311796393eaa43e9f0fdd3d3d69c2c88c7354a954a8aeae81dd66c7dcf3cec307efbf0f9d5e077b8e03bca43824f1bd815e37b3c984afb655cd7dfbedb7ef01f07fc76abd4f94fde81cd6679f6d9c77df7df7fed262b6c8ac01407af767184a59128d46a1371850545488da3db5e8f3b80171d68c655984432134eddf8f60c08f61e5e5d0697560183a86d3d9d989b6036dd0ebb560590a24552a38f1735879c036954ad714a40160a3d108bd412fff1ea03007a3d188112346a0b0b010390e878c6f6a6868404d750d00c0e574c2eff753aea4d232a45229141717e3a69b6f42454505d67efa296aebead7cd3cfbcc472fbee7eee3e2a8241b0c0ec6399672a64bb82499031e10a5bc582208c2b7fa2205c3a4a4f44f06e58aef23c81007a21404e198df8f53a74eed00f0e7cf3efbec99cacaea5f3ff8e0bf6e3be3f4d3753fbfed56ecdebd07efbdffbe3c7ed3eff1606060000015327dff830f307edc38cc3873863c205f5a5a0a8bc582cd5f7e89836d6d50a9d570bbdd48c4e3305b2ce03805fafafae0f5fa904c2651585424962c7830a02ca98e9c1c087c0aa110a5eed9bf7f3fcacbcb656e2d2a922bc0ed76c3e3f164dce79011f352a4ab522ab16efd3a5c79e5424c9b3e1dd55595983c49078d4e2bd3d164cd34320c0c4603de7def83bfefd9b3e7f3091326fca838b47e540eabbebede76df7d7f58a25028188ee5646a6119b7c23032523dc5f3983072349a9b9bd0d6d696e5aca4d7523c4d3706fa07a0d3eba9dc9348f0e6703820715a69b55af10818d959f1a91442a110c29108d50d24448c9854f0797d54d00140329180d3e9c4f0e194db8816d6d5080683a8addd83e6a666582c160884c0e7f32137371746a311b1781c575f7d352ef9e925a8ababc303fff8c767d168fca1a54b5f5effd8a38f1cf7b5e609f544299e8782e7c54c97d60aa57122007c7b7bfbb7a615841022f18665ce5f1240c6a6b11cab1c1c1cd41caff399356b5617807bd6ad5bf7cae79f7f7e4f6565e515575c7985e68f7ff83dde7ee71d545656a1b0a8087abd1e6eb71b3ebf1f4a00757575e8e8ecc47973e7223737173ebf1f56ab1573cf3b0f559595d8b56b178d9203010c8642c8cdcd455e5e1efafafa100a87d1d9d18182c242b02c273a103ab2e37038c0f302050c730c5a5a5a64c2458665108fc5904824c5889ec972f224e37e07c38011047cf8c107b8e6da6bd1dbdb8bfabdf5983869729a4523d3c491a1582ca67975e9ebcf1e3870e08cb2b2b2d8f15af7636d8727e2fe81da2baf2cfd675777779946ad4e3b2b64d6456881331008e0a4934e424f6f0f1af63580102253944826d51604414058e4ec1e18f0cace4aa95421954a8a0876913140e04567c523140e231c8950492a42603299a0502830e0a59d20419c5b2b2a2ac2d8b1635152520287d3098ee3d07ef020b66ed982f6b68370381c8844a3208280e1c387c368342210f0e3b6db6ec575d75d8be79f7f31f0e20b2ffdecd9679f99bd74e9cb27ac25add36864ce2e2208e0533ca4604a2094908f53b0bccbe5fad6088be7211cae0b9b092151701cab36ab8f3bcc66ce9c39b50f3ef8e0f58070da92254fbdb772e52a5c7dd5225c71c5e548a552c8713850525a8abcbc3ca8d46ab01c87682482152b5660e7ae5d309bcd323eeef433cec08c1933a898ac48a0d8d3d30b22d629755a2d42a1103a3b3a68a342bc5768375b05a7d301958a8ef8d0fb8bf273050241c4453d007989e4af0cc090ac0606c771181c1cc4c76bd6e0f4d34f07c3b2686d6d91890533c1d010e716351a0d5a5a9a4f5ebffef3fb8ef79a1f4bfbd138acbffded6fb3366ddaf433a3d190d5c9cb3485528980df8fe1238643e0793434ec452a99ca12c3cc323a284855594472368bd5028d568b503804954a2d4fa350c9293a83161c0ccace0a00cc66332560f37921457e822060787939c68c1983c2c242586d36246231ec6b68c0ce9d3b118bc5a0371ae1f7f99063b7a3b8b818022f60301442515131ce9d732e9e5cf2547f5dedaef356ad5afec2715ddcc39894ba65d11f8b9ce912a50ac3b2422a953a02879560e97b66eff6698745c0b21cac5aebb13f91afb1279e7862e79b6f2cfb49554dd55d7ffbfb3f843163c6a0a0a000c964123a9d0e25454528292e16156e5250a954d8f4c517f8f4d34f29bd8f08009e34691266cf9903854221d78dfadc6e197d2ec1593adadb45180c2b474d6ab51a0e470e8d84c4b56518aacb98493029ae96b85474f7a4bcf38c3c36a556abd1dada8a1d3b7660ce9c39e8ebed85c7e34eeb324a377286e9743a6cd8b8f1776bd6ac9974fc57fcd8d88fc2612d5ebc58b779cb57ff55a9d56c5a1013623191fe57a150201e8bc162b5203fbf00bb77ef42c01f9055598652d8d29f3324d8f914f47a3d2c660b02013f944a9171534424a792291907138946e5da80d9620118063e3fa5ba4da55260c060d4a85118317224f2f2f2603499303030808686062abc2a0eaa46c261949695c162b1201a8bca14c2a3468fc2befdfbd0d3ddf99b77de79e77b514489c71372aa9bcdd74e578ce5383080505a5afaad0e8b65952c006455bb326a59c0a10fd389b2b7de78e3f16824f6e0471f7d8491234780e769719be538b8725d282b2d852bd78514cf43ad56a1a5a9096faf7a1bd1480456ab152ccb62d4a851983f7f3e341a0d9249ca98eaf178a8d3723aa1d3e968a4d5d949d35f09cec1b0d068b4305bcc59eb4c0801610eb7c10e49ab19226fba002dc26ffef24b84c3614c9d36158dfb1b658aa2f45ba4e70d588e852008da8f3ffee4b10d1b36fc28ca433f0a87b56bd79e7b023eef7856444527532999ab0980181d3188c56218376e3cf6ed6b4067171d9b4a24124350c399ad74fa950eb46a64e92522102a3eca32a2b34acaf5ad503824d3175b2c168010f87d3e2845e51a8e655151518161e5e570b95cd068b5e8eaecc4c18307d1d7d7074a8b4bf9b486959753556151e74e22f003013c1eb7dbcfb2ef9eb855ce36b55a0d81105a4741ba3328e91bf2291e0a8e133074a6e430a650309cc00b20a2a00421421a1a91e1b8a2c7f58cbedecaca8a9678bd5e9f56ab93eb43f4f800a3c984d2d232141516d2cd0b0c8283412c5fbe1c5d5d5db0d9ede0380e45c5c5b8f0a28b60341ae5f9d0fefe7e24e271389d0e68b55a0c0e0ea2abab8b8e71d1fc0c1ca780d9688256abcd8a62250ca96459634df2cf4cc6b152a88342a9c4ea0f3f445959399c4e271a9b1a0f49bf6523804aa5449fdb33a3aeaeee9663bdaec7c37ef00e6bfefcf92343e1f0ef6ebff30e3cfffc7378e8c10731ac6c989ce3030c944a05fc7e2f269d7c327c3e1f1af636804fa5108d45c557a49faacc82a574a1150a055c2e1712493affa756abe905166703794140241a45281ca632ef00cc169a06fafd7e28140a9982b762ec18949496c0e5748265591c686d85d7e7c3407f3f5222f588c56c41714909f814650b809822b06241f4607b3b4058e55feebcf350d58a136494da9920c58b2acda2a00601108d45110a87a050aa045054da37bf974ec749cf0bd523a45f6567450838969329594eb48dd08ef017e417f8bb7bbae5eb2b191104a8542a141515a3a4a4043abd0ec964120cc3e0fdf7de435d5d3dac361b2511cccdc5f9175c0093c944374a884e2b91a49b974603bfdf0ffa39accc7aa152ab61b3d1688dcf88668994c67d43f429ad9f4aa582cd66c3b8b1634140b07efd3a9c31630642a130babbbae54e6fa6fe0065b0a5c759555df3f7c71f7fbef0382df131b31fbcc38a4663fffecd6fee315cb568216a6beb60b698f1f8138fa1acac14c9540a4aa502a15008f90505b059add85e53034110e072b9603418d3708721ef2b0df212402cb2d3fa9724be0050679512156a82c1a05cb434994c502955f0f9fde0384e9698aaa8a8407151319c0e271289040eb4b622914ca0afb7579e3bcbcfcf474e4e0ee2b118789ea68fd2dc19c3d0d4b6bbbb1bd5d55556b3d9bce0042e7596714a0540009fd78b48384cc53244f51688a0468e3db2088b11044e48ef14f2ef257c1a01a05029a03dfc3f3fee3663e18c715e9faf70d74edaf11b0a03208480e558e4e6e5a1acb414669389d620f57aac5fb7165bb76c81d962814aa582cbe5c245175d04b3d92ccf8b7a3c1ea45229e4e5e541ad56c33be085c7ed112726e802ea747ad8ec36591188179b1d101dd25093360fb55a03a7d389f2e1e5282a2a02cb71c8cbcb474b73133a3b3b317dfa741c38d08a50289455cfe2791ef9f9f9b8e0fcf99877de79301a8cf6a696fa074ecc8a7f77fb413bacb973e72e282c2c5a70ee9c39f8f35f16e31fff780077def90bb8fbdcb8ecf2cb90126f08810013274ec48eeddbe1f178307efc04cc9b370ff3e6cfc7c44913613018e5f79443636902de6683c160402814928babd2ee230dbd060201394aa34ac93a599145fa37151515282a2e464e4e0e22d128bababaa0542ad176a00dd1580cb1781c252525d0ebf5b2a0274447c5b20c5829e817eb1b5f5556e2b9e75efceb8e1d3bf2bf8fb54fc6933267bbd7eb85cfeba500cad020fc626d50a06258dfeab038f149915340212d3c21d50259500eb0efc3d6acf9f88f5bb76c550e4d9b0e41f813ca98505656861c8703e1481866b319555f5562fddab5308ab441390e072eb8f042188c46d969b9dd6e10518042a150c0eda6582d4e220d6418988c26e8743a399a95586925e84766e15ca552c1e57462e4c891282d2d8542a1449fdb0d9fcf0706406e6e1e367cfe3972f3f29097978796e666f9bd92c924c68e1d8bbfff6d31162cb8080b175e893ffff94f60c05c7dfffd0f9e7da2d6fdbbd80fd6615d73cd35fa4824f6102702367b7bfba0505040a8cfe78345e4b70a04029832650adc7d1eecddbb17f905f9181c0c62ebd6ade8ededc5840927e1929f5e02a7d399015aa40ec96030c062b5d2027824429561c4a166aa4a9ca291951842eb743ae8f57a99ef5be079b01c878a8ad1282c2a82dd6e47301884bbaf0f7abd1e8d4d4db2d6e0b06165e0141ca2b128ed963199f4cbe99a1a23552608c1dab59f167eb4e693d7d7ae5dab3fdc1a1d4f4ba61260190611519186611811a3164320104042acd71d8929140a226d02e4309196b4196834c70d86f5b5f6e8134fdcfdfefb1f2cd0eb753293449683908e511c86140881c56a455959299c4e2742a1102c560beaeaeaf0c9279fc8821d4ea713e7cf9f0f9d4e47ef1542d0db47efe1bcbc3c300c8bde9e1e44c2212ad001dae576387264aa1a42a80c9ab4b901000865902d2929417149091289047afbfae0f7fbc1b22cfdb78440a7d7835370d8b861034e3ded34844283e8eded9595bcafbe6a111a1b9bf0eb7b7e8b7beffb3d38058779f3ce631b9bf6ff73f1e2c53fd802fc0fd6610502a15f302c33bafd603beaeaeaf1a73ffe013366ccc0ed77dc8ee9d3a7e1f3cf3720994cc0e972c2e970d0c156950a16336d37b31c877e8f07dbb66e453814c2a44993e4909810aa0d97e3708015a32441ac55401c38e5791e81c1a05863a23502a3d120d2ef26e59d77f4a85128282884dd6ec7c0c000064321982df4064e8805eaf261c3c0a7a84a8a4e4b09ffa4e850b2ac3025a348ba6eeddab3b76ead5cb179f366234ea0710a05c000d14804030303e8ebeb433c1643449c994ca592e038b1dbf12da6d26a93401ae52ef36a6522df45acdc89b4575e79eddaad9bb73eacd16aa1d5e90e490519a4a5c7a44e71224115b9753a3dcaca8621373717a17018168b05fb1a1ab066cd47b228485e7e3ee6cd9f0f85520941643775bb3d3099cd703a1de0791e9d9d5d488aaca1001522c9c9c9a1a9b2d439949a14a00ed32c6a4e4a7c5c1cc7c9f7b6648220c0e170e2406b2b7a7a7a3069f2c938d8d62632b01ae1743ab0f18b2f100804d0d1d1813d7b6a316c5819e2f1f8a98391c8d527e60a1cbdfd201dd625972c2a0904fcbfe3380e293e85bffffd7ef4f77bf0c003f763c14517e1c9254f61d3a64d60180693279f8c1d3b77a2bfdf83bcbc3cf9228350d606ad4e87fdfbf78b74b77a59a5c66eb7535151d04e222f08502838117744303818926598588e83d96c462c1a93d59c0541c088112350545404abcd867e8f07a96412568b053b77ee4432958482e35056568668348a71e3c6e1817f3e80a79e5e8287fff31f5c7dcd35d08b942100b25478a4da1a406fbc0d1b37ccffe2cbcdab7b7b7b9d27ea1a28380e029f66a4884422f0fa7c0889cad800038542a9017024143309a95623353a24c7254125520295f13a51b674e9b2db3ef9e4939700b03a9d4e4684cb696bc66b799e874ea7c394295370e105e7e3acb3ce82c16080521ca0cfcbcb43384cd3c3c6fd4d58f3d147a208881a252525983b77ae1c2145a35104027ee4e450c1db443c8eae8e0ef9b3188685d1688449a4a9a129344953fa100293d98c84d88964d90cd2c921c6320c754c1b36a0b8b81846a3111deded0887c368efe8c4f9e79f8f82fc7c8c19330653a74e414b4b0bc000031eef5f7ef18b5f988ed3d2ff4ff6830cfd588effbb200856297c75bbddf8ed6fef85cd66433c1e473812414c740282c063d7ce9db0e7d091170973459b7c74f09313a5d5d56a0d08ef87d56e87c1609077f8442201b54a05302c1810c445056249bcc16ab5ca1a77845019aaf2f2e1282a2e86d56a45bfc70396e390e37060eb962d48c4e360390e45454588842338f7bcb9b8f186eb51555d8ded353b7c46a3ee40aecb59ba70e142db8a15cb110804a114314f14a44a64fe15490965eda76bcfd469b59f12422e6218a6e3db57f17f33b1eb9ebe26e2988754eb1393570b000d806f0c8d34ac92951e36c9d94b699714352858ee9bdfe418da860d5f2c7efa9967fe2aa5f999e32b994d1a697ccbe974e2a28b2e04c771c4e7f331e3c68dc3820517e1b5d79661d7ae5d282d2d0503a0a7a70716ab054d4d4d1056afc605175c00220818397224a2d128d6af5d07855289be9e3ea8942ae4e6e62291482028c21d0a8b0a4178ca296fb3591117959632a97d244b65446592406fc6490084402002743a3d828120aaaaaa3065ca54ac5bf7296c761bde7cf34ddc79c71df8d7bf1e04c729d0d4dc840f3e584da3ff54b22c9512ee00f0e089b81e47633fb808ebf9e79f9fd1dbd37db54ccb2baa1d5324b98f0a89721c341a0d46575460cbe62d10041e769b3d8b5e8648db390086a50293f1781c7a830e36bb1d0ccb422004b1789452f4aa5460002a183138088927cb6ca6f2e8a150481ef1292c2c445959296c562b3cfd1e68b45a14161662dbd6ad888a40bd92e2624422115cb8e042dc70c3f578fae967108fc55f9b3061ecf45b6eb9654a4747fb048bd9f8db450b17850d06039dc617a114324797046e65a8a8c5bbefbc3b71c9534faf2184941cefeb904cf2c850cc934d7a48588e0501b103f8d6a6c0d453a63aa5c834b3f02ed56958000a2507abf6f8f709b76cd9f6d033cf3efb578ee364ecd35093eea184e8acaebffeba1d568bf912ad467d6a8e3de7cfafbcfa4afb7befbe875b6fb90593275390784959299c2e17068341e4e4e4a0a9b111ebd6ad83de608042a1c084091330ed94e94824e21040d0d5d50d9ee7e511209fd70bbfd747533b86815aa381d96c4e431c24e02e7068443504509ade6828b9a4c3e9c4defa7a80014a4bcbd0d1d181e6e6162cfeebdff0dcf32fe2b1c71ec7bffefd30add78a29702416bdfbaebbee721da7cbf09ded0715611142b81b6fbce9214120acb4fd6682a13986725279bd5ecc38f34c747775a1a9a909f9f9f95903a272074a543161c559ab68340aa7cb2923b81900f1684ce4c2085e7000002000494441540d822c3a20fd7b9d5e0fb55a8d403008415412763a9d282f2f87c562c580d70b9d5687929212acfdf45319015f525a8268348a79f3e7e3da6bafc5c3fff770f8ecb367deb160c105af669c6e1780877b7a7aaac1e0ddd75e5b668d88ac0f996d6c3ace910609ae5ab96a9c8253ae21845cc030cc81e3752de2f1b84c6c486b4ec82a94b32c038ee3d4a954ea5c007bbfe9bd743ac3f982544016041a4132694728f1461defa27b75f5f67f3dfad863bf93c6620ee7ac248bc7e3c8cbcbc315975fba64d2c493ee65d22aca95b5b5b5cfffe31ffffc772c1ebbf6e69b6fc6934f2ec1fefdfb515a5a0a9e4fc1dde781d3e542ed9e3d50ab54387be64c0483419c76da6908f8fd6868680094045ddddd282929417e5e1eda3b3ad0d7db0b9d38a7c88085c1604020104052545b921c7e24129107e4a90c1b19827c48b3c413001c47d3cc2d9b3763ceb9e7e2a30f3f44bfc703a552892d5b28853e2749af89457d3ec53ba2f1e4af01dc7b5c2ec677b41f5484b575ebd66beaf7369ca656ab91c9be08d0dc9e1369631c4e078a8b8bb06ddb3668b55a180c86ec393579b7a14e4ca356cbb42d06bd0100bd90c9540aa9549af3291c89d0223b00955a0dbdc140453863310802e5761f3972246c361b828341180c068c1a3d1a5f7ef9a58cd32a2e2e463291406161116ebbf5162c5bb62cd6d2d27ac51067255b5e5ede17175ebce0e2450b17f9f42263447a9482a6b699618e200858be62f998175f7ce51342c8f0637a01324ca9e4b2408be9c1596a2ccb41a7d3816198df0483c151877b0fafd76b0e85420f8161e6a9552a3a6b27a62a529d91887257dfe43c8e8555d5d4fcfb99679ffd1dcff3d06834d92954864991556161212ebbfc8a3f9c72ca2977324324dfc78f1fdfb77cf99bd76dddba6dc9ca952b71c3f5d741afd341a3d1a0b4a41476bb0dde8101e4e5e5a1a6a60655955530194d502a95547e3e2f0f297134cbddd7478bf00e07e2c924babbd3c2362a950a76bb1d10eb8812bf5530188452a5cc28b4670f384b1a8972a15e20b058cce8eeee415f6f2fc68e1b8783ed07118fc76555f0a178458661108b466eb9e5965f161fd30bf13fda0fc66111424c2fbdf4f25fa456791a994ee48e121d638961dad4696868d8878e8e0e19ae9099b830521b98501a14954a85bebe3ee4e4e488ce80ee54524d8adea449442311b9c86e321a9114b5ee88f8d923468c404e4e0e02c120f47a3dc68c1983afb67d85de9e1ef0028fc282027aa163714c993205ed1d1da8acaa7af8830fdefde89bcedd6a346e3aefbc79172f5cb4d0afd3e9c53a1c5d0519998cf4b0772a95c25bcbdf1cb9f4b5651f1342461cf38b0140a5524b17405cd474aa440068355a58ad56701c570096db100e8717c753a98bdadbbb2e4c26933f8fc7932f11825d7abdfe5e96e360b55a218883d48464b7eca508ee7875092babaa1e7eeed9e77f1b0e87b39c959c46653cec71112fb7e8aa857f3eed94a9df58c3b1db2c777fb171e3f63db5b518377e3c62b1184c66334a4a4b613299e0f552a7f5c5171bd0d0b01746a31106830173e7ce85464dd77760c08b80df0fa7d309b3c984602000b73b3db4acd7eba117eb6cd4a150788977c00b83b8c10ddd4ca4e8556ae1d2e09885dd6ec3962d5b30acbc1c0a85123ddddd60877417331d1d21b0f07ce457ffe3f21f53fbc138ac0d1b36ddbc7bf79e32ad562baf96e44c249eab482482e2e26258ac566cdbba1526b399de80c87ea82467450881d56e434b6b2b341a4d9ad74a1c0d492513943f4b10101ca4d27c2cc3c068a08c10c120fd9d200828292981cbe592c3f1091326a0aeae0ead2dcde0791e05f9f950a854948e8510389d4e1c683d10d7aa55cb8ee4fcf3f21c9b2e387ffe4fae5c74a55fa7d381e705b98e25d5e4329d572c16c7b2d7960d7fedb5656b0821238ff1e5a0f36e43601799f37f4a95923631e88bf3c0307f6508de1708ff413c917c8a27e406304c29014d1fd56a3512c9244d09794104fc0a194d12e6b874096b76ec7af8d5575fbb677070101a713e523ea70cf02ac330b2b3baeebaeb9e9c3c71e23fbeedbd9f7beeb9644949d992868606e4e5e5c960639bcd86e29212289594a33f37370f1f7df411bababaa0d7eb919b9b8b59b3678308042ccba0b7b717d16894d6b3542a916e39084ea180426486909a1e84104a51d4de0e5ee0a15229e5eb434f4646f2c93f4be76a3018108e84d1d8d888f1e3c6a1abbb5b269fccae81a523ad4492bff1871465fd201c1621c4fcc61bafdfa55429a9d361918545024339da53a914a69c7c32eaebeb3130d00fa723078408e90b9419e5330c942a15dcbd7df07abdb0dbed59173591488017dbf683e13078b1eba2d668a0542a110e85643c96d3e94449490912c9248c2613264f9e8c8ef676ecdeb50b499ed6b5743a3dc56781defc03030350a955a4acacec8879d61d0ec7c67367cffac9c2850bfd3abd5e96224f17abe5f5022b3e60af2d7b7df8abafbeb6861032fa7fb906434d8a82e43b37a3732699ac4805b1c62646a72c2b21f85909120b41acbdc8e723088020d2d7886217c71ae9be6bcf9e875f5fb6ec1eafd70b8d4643212d43f8d3248bc7e3282b2bc36db7debabc62f4c8bb8ef433dcee9e16bbdd8e5028248bc44af74c69692912f138789e87c56ac1871f7c8050382c4f464c3869828cd5ebe8e88020f0c8cdcd852010747777cb338b1260390d7ca651b6cfeb83c964069fd17565002ac6cab0f299d26902fa9f9c9c1c6cafa981c3e18056a3a15196246e2b59c6e71010336192b77fb72b70eced07e1b02a2b2bafdab3674fb156a393b23f88ed32408aaec21194969642afd7a3f2abaf60b5daa05028c5da47763d8211232cad56838e8e0ed8ac563afc990154946e8664328948382277e6944aa5dcba072867d0f0e1c329fdb1c18071e3c66170701055555588c662309bcdb0582d32c0148028b9b50d0cc3684a4b4bcf389ab5282a2ada3873e6593f59b468a1df28750f918eaea40841fa391e8be18d37de287fe5d5573f26848cf9dfae44dae20951915a2cb66777a5e81fa4bd9c917f978643485f49c6dfc2e130ad6149a960c6ff193019ccaeffbbeddeb3e791375e7ff39eeeeeee21c5fc74c421592291c0f0e1c371dbed3f5f595a5a7c1d7314e20c858525a7b85cb9a8adad854aa994df9b104ae2575854049fdf0f9dd8915cb37a351886814aa5c269a79f0ea7d325738e75757543a3d5c06ab520128960a0bf5f6a6ec89c6b5264ca711cbababa108fc7a052aae867664448b49c00f99e641840008156a301cfa7b06fff7e548c1983bebedeac39c38c2592bf4dc41337dd7efb6f738f66fd8f977def0e8b10a27eebadb7ee64395a5b92d74a2cbad38781a2d1279f3c1975f5f5181023260a024d83ada58798e779984c264463312412091845014a310810695328a9df60280496a284a0d7ebe5511a9ea7f76c797939546a35743a1dc68e1d0b86615059f915bcde01a8d56ab81c4e241349598c15a028f1ee9e6ebcf7de7b70b972efdbb973a7e568d6a4acac6ce3e9a79dbae08a850b034693512ec4cbf8a04c7e2396452c16c35b6f2e2f7de5d5a51f1342c61ffd5538d406451d3eb986286d20809c1f6646c09293924658b24b2af47fa95412525d4ec26311914afa585a4343c3a34b972ebbfbe0c183d08a8a4400b2a343f1fb643289d1a347e3b69fdfb6b2b8b0e06a8661e247fa392fbef8667e7979d9af6a6aaad1d3d34395974423848053285058540497d3098fc703576e2ebabbbbb17edd3a68b514b630f39c99749d419b403e9f0f4e87031a8d06fdfd038844226058964659a22089f46cf0028f8e8e4ee8f43ab92c22557365de2bf99c89dc75b7db7350bb670f6c363b341a2dba45b59db4d1668ff41b5ee07352a9c11b8fee2a1c1ffbde1d564343c3bcea9a1d157a9d3ebd4b8bb528568eaec2282b2b83416f40757535ac22db63e65321939a114a17a3d3e9d0d4d8881c8743a631165f2903f2a2d1289289049d6353aba1d16810176941527c0af9f9f9b0d96c502a9518377e3cb43a1dea6a6bd176a00d8400f9797919b35ed9e7a55428b1af611f56ae7a7bb4c7eb5ddad1d17154e1c3c89123374d993cf1e22bae58e8d31bf4e0f9945c6b60c5c85372262ccb221a8de2ad37df2a7efe8597571342267ca78b91619150348bf86de8090ec920e8d78cd749cf8bf41b8611e10b0291a3360249318dbef058d4b00e1c38f0e80b2fbc7c576767e7d77603a5073a994ca2a2a20237df7ce3aa82bcdcab1986491cfa8e87b7a54b97ea0d06d5b283ed1d79f5f57be5a909b95b276e9c1a8d06252525d0eaf418e8ef47517111eaeaeab07bf76e68b55a940f1b862953a7526e7700e141aa6be9743a914a25d1d7e7a6355c850216b3059933991ccb516c622c06ad462b5f08b9d67898ad401008546a1508085a5a9a3172d42878dc1e39cacaac9966a694c954f2b61b6fbcf1848e871dcebe7787b56ad53bb72513099173295d80959c9674e14f9a3811fbf6ef47bfc7234abe1f1ef0c7f33cf20b0ad0e7768310c0a0d71d72d30a22bf53381c0601c08281c96c463c1e079fa2752ba3c180a2a22228140a8c1d3b16468301ddddddd8b37b0fe2f1389c4e27140ac521c721a5a300e5946a696ec6eb4b975dd8d2d6f6763f214775c1c78f1fbff18cb3ceb8e4ca2baff4eb0d46990d331df5643f20d16814ab56ae2c7ee185973e22844c3c9acf1a6a921ea164344b3f4cea2dfd95c9febdbcd34bff96a13837da154c777e21750999ffbd4b78b0ede0634b9e7ae6aeceaece6f4e2f4567357efc785c7fc3756fe7e7e51d95b3aaa9a9312b959a551d9ded33f7efdf7f8863942102a273b158ad282d29412a95423c46f15d1b376c444f4f0f546a354e39e51414161622914c22c9f3f07abd30180c309b2d08f8fdf0fb7c6059065a9d167abd4ea69e91d6b1bdbd5d2cbe0f8d24d33b86ec7cc434d166b5a1aeb616369b0d2ab50aeebe3e79e3c82cc06738b0224ea5baec48d7e878d9f7eab03afa3ac66fd8b061a6cd6e4745c5681417178ba91a00d09a52241a457149316c562baaabaa61341a693d2a23644d2f2a814249f98c3a3adae1c8b167716333007841403c1147381a956b0706a31e2c47d1ec8c087c2a2d2d8552a9c4a8d1a361b35a118d4651535d8d606810668b85f21d89e86d641c47666713a0f5ac969616bcfcc24bf31a2babde2584988f668d4694956d9c3deb9c8b2fbbecd280de60042fa49d7ae6602e81941e46b172d5aac2975e7ae52342c8c9dff5da188de9394769edb2cf2ffdda43eb5b62b48b0c788a2460910965c8f8b79ca8aafd5dada3a3e3f127963cf5cb83070f7e7d649591064e9a3409d75e73d5aac2fcfcab8e260d6c6d6d75b9ddfd1f7576769cb763c78eaca86468ca291d83200870896a3a7ebf1f1233c4bab56b914c2661341a71d65967896cb344569dce71d8c1722cdc6e37789e87425412976a99b4cbc8627070107e9f0f6a118a9211dca647ac8644c41438cba3bdbd1de5c3cad1eff120124d47d543cf47100430043fffbe991cbe5787f5ce8af7aeb5db73544b963c81c71f7f0ccf3fff2c6ebbed56a452e9816081e73161c249683b7810dddd949256ea9865a62000ddc1735d2e74b4b783e705e874ba4358108820201a89221e8bd1e2a7520993c98480df2f77055dae5c586d560c2b2f87d3e10018a0bebe1e1d9d9d50ab54c875b9904c240e1371641f8ff457954a85e696663cfdd453b3aaaa6bde23841c553baca8a8e88b39b3675d78f96597794c4653962349233a24b92c0aae5db97265fe4b2fbfba9a1032ed683e4b328d464be4345bfa284264874e887048dd23fb6be621caef00007267504a5ba44ee2772dbab777763ef9f8134b7ed1d1de9e55b33ae43808956d9b3c7932aebcf2ca37f28fd2590583417b5bdbc1f7ebeaea4edfb57b371de7ca704c92495debcc320527ce961a8d46783cfdc8cdcdc5c0c000b66cde0ca5528961c38661c24927d10d1b045eaf170a4e019bd526e3ae5896835e6f80043096c675589645bf67002ab53a6b3300c48e213d98438ec962b1a2aeae0e398e1c8061d0eff1c8a3418c5837268440af37886587d81442d89947ba5ec7c3be3787b56fdf3ee3e64d9b2ffbcbe23f23114fe0a69b7f8607fef9102ebffc725c78e10588c7e3f2e069aecb859a9a1a68349a431821c5728eb8b07ae80d7a1c387000769b2deb66a26d5f5abf1a1c1c94f37cbbdd8e783c8150380c41a040d3fcfc7c949694a2a4b8182ccba2afcf8ddada5a1081aaf91242104f264568042f16e97948c54af9e8328e53ad52a3b5a5154b9e7ceaecaaea9a7709214755882f2e2efe72d6ac99e75d76d9656d2693e8b418466c6167443c8480635944c211ac5cb932f79557967e4808997eb4d7c768d4db648c54e61f98cc6f32ff42c4cc9064ff4e7a254bd3f54ca886208ee988692251abd5470d77efecec7cf289c79fbca3aded00d46284967dcdb34b0b279f7c32aebe7ad11305f94757b3228418ebeaeadfdeb973d7f4dd7bf6507438fd43d6eb683a4c1b14bc28f5c68b3ced068311c5626a180a87919f9f87ddbb77a1a9a9091aad16a79c720a2c160b8840108bc7110c06e594adafaf0fc9641c4aa5120623ad2c64768c43e110828180284b97f17c8857245d5394e10ab4661b8ba1b7a707050505f0f453e10c563cf6f2f272fce1f7f7e1fffefd20fef0fbfb505a5a0a9f6fe07be57effde1cd6a64d5bce1504a164cc980a3cf6d8e368dcdf888f56afc6da75eb70ce396783611824e271545454c0e3f1a0a5b91939393959ddb8cc5c9d17c3eee6a6664883ad43375a9665118944a8488008a4d3e974f07abd80889fc9cdcd455151b1287ec920994a61c78eed080683308b40d5783c8e934e3a0977fdea57f8cbe2c5b8f9673f436969a93cd6233b4aa9da2c9a4aa5426b6b0b9e7efa99b36a6a76be77b44eaba4a464c7cc9967cdbff4b2cb3b2c160b84140f562cc2673a1609991f0987b162c54ae7cb2fbffa6132993c2aa725085f736c62ba4ec4b6b9e49218307284998ecbb2490a09419a62598c04329a21422814ca081dbfdddadb3b973cf1e45377b4b6b642abd5d14f25242b8a90d65f109dd54d375eff6f97d3f94b86399c2ccde1ada3a343fbc5179b975755d79cb573d72e799405a069f8e16a3e2004c5c5c59832650a468d1a25367468ed332f3f9fa6701a2d8c2633d6af5b8f60200097cb85e9d3a723954a81651804fc7e088200bbcd8e442201b7c703866560369b64c72497031806fdfdfd308878ad744797646cdc62315dfc9e6100abc582fabd7b61b55a918827303030004e9c4cf8f5dd7741a954e0ade52bc0b20c7ef9cb5f40209877fffdf7971fcd753a96f6bd39aceaeaafae0d87c38844a2a8a8a8402ac5c36ab3a17c5819fabd5ea45229180c0694969662fb8e1d00a4bc3bbb102cddf45ad1911c6c6f87dd6e3fa49ec4b22c78b1a029fdec743a111c1c94210e3aad16a32b2a3062e408a8552ab02c87a6c646b4b5b541a952c1e1c8412412c14f7ffa53fce98f7f8456ab465353636bbfc7bdf9c20b2ff04c9932258bdc4fd28d938e51c2df343737e399679f396bc78e5d1f1042ec47b36ea5a5a50d7366cfb97ed1558b12569b15a95432fd808aaf61581604d46985c321ac58b1c2f1ead2d7570f46a3478c0953a9555985aaa135a74c9478663f496278c8fe4bfa6116041e02c4e820a361418840fafafa8ed88934b7b43cf5f8134fdcded4dc2ca781594d820cc725f002a64c9d8a6baebe6aa5d96c3eaa61dea6a626b5dbed796bf79eddf36aaaaba15028b2ea3cf2e73074434ca5a80ee699679ed93ff7dcd99d23460cc7d9679f857beef9b5488724a0b8b8180683013eaf170e8703b158145bb76e05c3303869e244e4e7e753784d2a854020007b4e0ef4063d06fa07108d44a1566b603499d2e72c1ec3e0e0207c7e3fb4a2086eb631321c425c200802a1ba89a110dc6e372c160bfa3d1e44a3514c98301e6ab5068ffcf7317cb6fe333cb9e469984c46949596eabd5eff5547b386c7d2be1787f5dffffe77586b6bfbec70388c575f5d8a3beef8399e78f271bcf0fc73c8cbcbc7f2379783e7798c183102f1781c7bebeb29529d90ec622f201720f5060305da31b49b02269b8283e358844294b1010c03abcd0696e3e0f7fbe57461e4a851a8183d1a5aad160a8502838383d8535b8b64320997d389783c89f1132660c1c517e1c9279f04c72a96e4e5baa6fdf6b7bf99515a5a32e1d24b2ffdc3a4c993a3c90ce1d6ccb444fc05d42a151af737e2b9e79e9bb17b77edfb84909ca359bfc2c2dccfe7cd9bf7c955575f8da2a2222412898c5d9e916f6030222c241ac1aa952b7296bff1d6fb3e9fefcc23f90c8e65a5eec721d19bb4facc10874690818697024cf1af0c431d693c9ea0287750a725c1425896635c2ed7a105b021460851343635bdf0f4d3cffebcb5a515baafa97b49ce841082b3ce3e0b575e7179c86eb7fde948ce5db20d1b362882c1e0ab5f55565d54555505a54a2577d2323f475c0da4c4d4efa7975cf2e63933cf9ac271dc049b3567eeead56bbedaf4c526dc7aeb2dc8cfcf8756aba55c699108f85412b9b9b9a8afab434b7333ac562b4e3ffd0c199e130c06c1b22c72722843699fd8cd33eaf5590c0ed2b178dc6e51f168e882e070e545300c03b3c984f6f6769844718d6020084228859046a3062ff0f4996029c16530185af4f8e38f1fe6438ebf7d2f15ff9e9e9e9fc613319d46adc6ca152bd0d5d989b3cf3e0b9d1d1df8e0c3d5683f78101aad1623468ec4be7dfb108944e072b9d26916a137bff4404903d34d4d4dd411c9b8ab74e8cb300cdc6e0f58968582e39063b7a3bfbf9f421c040176bb1da79e761a0c462338963e8c0d0d0de8f77860900a9d44c0cd37df8c55abdec1c489131f38fffc79f203306ddab45e000f7eb96d5b35cbb26fd754579b5422c756a69795be53a994d8bb772f9e7df6d9d36fbffdb6f70925e61b38d23534998c0de7cc3ae7a282c202bcf4e24bd8d7d0208e9f08a094f1e94888653844a251ac5cb9cac671ec3b7bf6ec993b61c284eddff4fea9144917a333520c0690378eac923b830c674500365dcd22a05d4206543b321a8bc162b150a0a524b400a2292e2ed67ddb79b7b6b63ef3e28b2fdfd4dada2a8fab0cedce49ce8a65595c76d9a538e79c73a051ab3a01b47cebc2caa74c984d5f7ef97c6555cd15dbb66e95c549323f478e6e5889669be0820b2ffccba5975e727fc65badadacacfceaa9679e5d9b9393337de1c22bf19fff3c02576e2e3c1e0fbc5e1ff2f3f3110c06b169d326141416a262cc180c1f3e1cadad2d50ab35f0b8ddc82fc847bfc783402080682c069d410fad568b50380c8e13233eb163188bc5a0542ae9340718406c9090cce316af8c40009d5e879eee1e59fd293818446d5d2dbc035edc77efbda8acaac669a79d82b6f683686a6a428a4f8d1204f64c00eb8e743d8f959df0088b10a2e8e8eabe4a02732a954a7cf9e59758bcf8aff8cf7f1e41477b3b400872737361d0ebb167cf1e184dc643b12512484e1060341ad1dfef01011da501c92eb6729c02fe4010c16010006015715c83838332e1ff8c19339063b743c171e03805060606b07fff7e10004ea713e170180b2e5a80542a094fbf67dde5975f7ad8dd7ac6a9a7aebf6ad195574f9d368d4fa552e087340880742aab52a950575787a79f79eeb4bd7bf77d703491563c969868b35a306edc38dc79e79d183b762ce5b06258390ac89807a38212e11096bfb5c2fe5565f53b0d0d0ddf38301d8e861549712c6868195d8ae486e66f74528fc972d0121e8ba64c0c229108428383f07907108fc7e5519d583cae03e0f8a663aaafaf5ffcfc0b2fddd4d8d898d50da451860029ea939cd595575e81f3ce3b0f1ab50abc20382391c811534cefd8b1e389a6a696ebb76edd2a7703e573cabca62c4bbbda84c145175d70f7550bafb87fe87b4d9f3e3d78ced967fdfced77de89dbac569c72ca292084a0b8a418bcc023140ac1e170c0eff7a3a6a6067abd0ea79e769a18e570a26a13839c9c1c9117de0da542495973059ada091998b69ede1e518790ee22741a44bceb321f23f17b8ee3a0d66ae1f6786030520eae7eb7078f3ef6389a9a9a3069e249a8adadc3138f3f294379ba7bba161ee95a1e4b3be10e6bdbb6ead3ba3bbb4e522895b4cb45a8c08344a3a152a9104f24307ad42874f7f4a0abbb1b16b3452e240e8d6a198681c964425f5f1f2c66331422e091645c119665d1d3dd2db7972d56ab5ccb8ac7e3185e5e8eb1e3c781611828141c08288cc1ebf5c972e4f9f9f9b868c14578efbdf713e7cf3befbe6f3ac769d3a67d78c5c22b7e376ddaf48cf67d66033f6d2a950a75b5b578eef9e74f6b6c6a7edfeff77f2be4c1ebf59e1a0e87cf8ec7133018f418317204eefcc52f30660c755ae9427006321ef4c61c1c0ce2bd77df2daeacdebebabebefe6bf9b45a5b5a8679dcee2cf8c250bc5136ac819e6126e8273b0a63e4112830543036dd291470f0603b130c86267dddf1f87cbedb97bef6fa5f1b1a1aa0d568b2ba73f44ab36018c86dfe850bafc4ecd9b3c1328040005e106ca954eafa6f5b5b00f8aaaae6fff6ed6fbc63d3175f6415d8e92912398a945aff0cc3e0e28b17fcf68acb2e7bf4ebdef3baebaedb397edcd8a5cb96bd8e05175d089d4e07b3d9829c1c873828af86cd66c3ce9d3bd0d1d18111234660d4a851f2c0787f7f3f1c0e07341a2dbc5e2f62b118c5242a1572a407d07b7d3038487523e5678112fc494d422673e7146b8e468301de8101709c0202cf23180c62606000cf3cfb1cfeb2f8af78e1c517e1139579188681dfe79bffd4534f9d705db613eeb0aaabbfba26168fcb2de1a1632d299e87d16844616121f6ecde0d8ea303c990761092cd1aa0d16ad1dfdf8f583426a60890361630a0c2a483a14104c4e8ca6c368388dce4d2c0e7e9679c01955205a5520196e5e0eeeb43734b33944a05ec361b62b118aeb9f65ad4d7d7c3e9c85975e69967eef8b6f33c75dab4476ebbedd647269f7c32523c2f3205643cf419af552a95d8b17d3b9e79fa99d3ba7a7a5f27847c2d82921062361a4d4f69743a7530104432918456abc1f011c3f1abbb7f85b1e3c6d2d634cb52d684214e45a95422180c62c55b6f8dd8be7dc7daed7bf69c32f433366fde7cc9271f7f32c1ed76d3884de4b6cf0613665eb7f4e6907566646814966e444422d12cb2c2f6f676bcf3ee3bd71342b2099a00343434dcfbc083ff7a72efdebdd069b5592330e291c83f731c87850bafc4ac59b3c0896969329904cbb0d06975f775777b267fddda02c0ce9dbbef3fd0d2fa9b4f3ef9149c429151a3924e21dd1de4791e0a8502572e5cf8d025975cfcf037bd2f00dc76dbad0fed6d6808b9cc34ba4100002000494441543dfd98336736785e4041410165c40d04295b0501366edc089665316dda34f973fbfbfba1502a60b7db108fc5d0dfdf0fad4e07a3d198e615cb00aa06834131ca4a6f1e995fe5f10248410365600d0602d068d4f0fabc721d8d1002a542999e676518c41309577777dfac6f3be7636d27d46111426c5f7d5579a15aa5921758ee2e8be16f3c463989789ec7fec64658cc16916931c3c47c5c200426a311dd3dddd0ebf5b228a5dc9f12bb813ddd3d727465b3dbe1f7fb642598f2f272949595812184ee2e44c0de7dfb100c0661b158e4b1a0a953a7e0f3cf3724162ebcf2a1233ddf1123caefb9edd69f3d3875ca9474a42539ac214e40a356a3a6a606afbcfccabc0307dade208719e3218498dc1ecf9bc1c1c1895a8d1a4693098120755a6ab50ae5e5c370f7ddbfa6e961229eed64b21a1054167ef98a95651bd77fb6fecb2d5bee6f6b6b9b545f5f7fc69bcb973ff4e24bafbc565d5dcd45a35199e08d763a33314e6c064012b273a4d11d4d4b29b5b37cecf2e6c43094de27100820168bc9a326ab3ffc68da3ffef1e05b5bb654cee8ecec9bb06bd7aeabd7aefdecb3679f7be1a1fdfbf6311a8d867e18c9900a8308301623c1458b1662ce9cd9e058461c72a7fa891cc742004c26b3feed502834f670d76bf7eedafbf737eeffd39a8fd7647503e59394bfa5c2200a85020b172d7a79dedc39bf3f92fbc162b1b4ce997dcee3afbdf61ace3cf34cd8ed3698cd66e4ba5cf0fabcf2fdd97ef020eaebea307ce44894949622168f23994cc2e7f5c1e57241ad56a3bfbf1fc964026a8d3abdbee2e7b02c8b40c04fa9c0a5dd5bfc9afd1c215d1366e8f07f7f7f3f3885029170e410b5e8ccaf00e00ffa7f7224e77d2ced8416dd6b6a6ae6747474b8d41a351811cd46082b32844a8b4130ac7c18dada0e20180ca0acb454c4fcb010abc900c4e889e364809dc3e1ccc2ffc81d32519e8aa68e46702c8b4080465b822060fa29a750797a5181b9a7a70f6d075aa1e014b0582c482493b8eeba6bb169d3268c1e35ea2597cb557b34e75c5151f187bd7bf7f160983f6dafa9a1291ac749f749d6fc9656ab455565255896fdc98d37de501c0804fe6032993601e043a1d0693c2f3cac3718a7f48bcd03a3c9042363c4e060084623959d2a1b5686bbeff9351efdefa3a8afab834aad060441424ec9aacb4aa5123e9f0fab56aed2af5ff7d99f721c39bf4f24125cdb8103686f6f47541cd338944d412ada66fc961024e20928d54032411f2e466cf103b4432b414918960123a4451e42a110542a95ec1caaaaab2edddfb8efd21c7b4e2a168f2b06fafb914c26a1d168d2300288857fd1214b9bd155572dc29cd974d31708904ca4c071945a3b954a211a8b42abd69482c13abfdfff0bb3d9fc1ec3307c4343c338954ab3b8babafad28fd664382b09c39479f6621aa8542a71fd0d377e70faa9d36e3d9afbe19c73cef9cf679f6fbc6efffefd0573e79e8b37df7c0b058585e873bb110a8728eb68302833834e993205ad2d2d60944ab8dd6e8c193b16168b057d6e37fafb0760b198e1717bd269a178cc11719a43a554229948a61d937c27209d8d886ba8d3e9d0d7d7073e453302bfcf276fdad96054000c83782c3e73f1e2c596bffded6ffea35983ffc54ea8c3dab66ddb02e9e61390cebba5a823994ac1643221c79e832f377d09ad460396e564feefac463921d06ab562decd41ad56899b2fbd320ce88dea1d18a00acd2c0babd586603028238f0b0a0a306cd8308010b0ac028240d0d8d888803f801c470e52a9144e3ef9640c2b2bc36bafbd3670c7ed3f3fa4a07a243666cce83f37373793679fe3fe5c5d5d2d3bacc3f5f0d56a35aa2a2b914aa64ebee9e61b3f351a8d4d02c02753c2682112a62298b9b9e8f7b801004693098c91d2e61a0c7a28144a0c2b2bc3dd77df8d47fffb5fd4d6d642ad568305c56609a213622022e26331ecdfbf0f9b377bb8f46ecb64315c4a96b9cb2612497186cd8fa6e66684c361b9816130e8c1b12c523cfdbe203f1f89445cae61a53b7990af8540e8d88c0240c01f80df1f5048a9a8948a48dcfb0093d15800940a0e575d7d1566cd3a07008dbc93c9241518557048a578c4627168355a28150af07c2a4fa5d6ace20561572291888723d1896bd7ae537ffcc927d9919574be1991712a95824eabc50d37deb866ea94c98b1886491ecdbd505454e47de9a557feb362c5ca47fef4a73f62ddbaf5ffcfdd9bc7d9555569c3cf3ef39d87aa5b73a552a921f30c81000222d22d6da32d90082ad8366a3ba2ddada0d2ed07cea82d020a228a40504868d156195a8686401242082133492a494da9f1cef399f6fbc7dee7dc732bd15791a2fbfdf68f22557738f79e7df6597bad673deb59c86432686e6ac2d8f83842a1102291084e8c8e62cf9e3d58b162055a5b5b31393505bb5844a1904722914032954232398d86781c3e9f866291752e7749a3944904251209467b713c2dcab2b5d4b158b4b6f5c832d389cf6432088742c864323cd338d33363beb56198ad96857300fcf6cf9983bf64bc692121a534b6fda597cf5355d5a5167af7695114a1eb55747476a252a96070701091481475cd25501f62489284a9a92904fc0e27053c052fb818c354721a8408f0f97cf0f97c2ce32208300c03a7af5903bfdfef760c49a5d3387efc384449422c1a836ddb78ef7bd763cbd6ad00c5ad0b162c3881d7397a7b7bffed131ffff84da79f7e1abc3c2d76529e54336140fccb2fefc07df7dd8fd1b1f13e919005e14818a669a3902f405565342658e6b290cf419665f88341140a4586d78802bae775e35f3ef72f58ba6c192a1c8877e64f70b27cd486ac28f007027088aececdea1aab99188ef307a5c864b248a552686d6dc5c2850bb070e102ac5cb902fdfdf3d1d7df8fdede1e18a6897dfb0ea0542ac3304c568cee86a8d4ed46e4e0930e10efcd00da9ee71cefd951f71445c1355604dcb3324c1606f2c6b8956a159aa641962558b605dd30a12832444158019033366f7e5e7dfcb1c74ed941d9b93ea0ac12221a8de2c31fbee6d1d34f5bb58ecc684ef1a78e77bffb929f168ac5a183070fe26d175c00932b8c0884a0902f201808201c0ee3e5975f86611858b274290cceb51b1f1b47341a85dfef47a55245b15884df1f70e7cd19822820954ab9adef406d17b7a238d53dc5fe1f080490cfe7990755ada290cfbbb0c0cca40b4091c966def17ae6e0f58e37cd60eddbb76fcdf0d0509ba2282c1ca4f51d3a4008a84dd1d53507c78e1fe317c2ff074a7118986e9826caa5120281806bf9285f5c92d3daab540640118f33c5854ab502cbb4108bc5b060c102d7fba294e2d8b16348a7d388f27e704b972d434fcf3cfcd7ef7f3f0ed877fca5733077ee9c2f7ff2131ffff28a952b5d46bc7333002e6b0c00f3b4b66ed98287376d42269b8300d6f9c4302d940a4568aa8c86c6044aa5328af93c6449823f1844b95c8669182002c19cae2e7cfef39fc7aa952ba157f5ba85e74cbec08d8fabfc30e33b138f17ec0c769dba108b45b178c922f4f7f7a1675e37e676cd41bca101cdcd4d686e4aa0bdbd0da7ad5e8d70240c555311e23570dea489d783f2fe08cebcd0da673bb573821b060a78fffbdf870beb8c95015160fa51ae67a5aaacab371767d45415a220c0b62976efd983df7215d07afdaffa61d9362291083ef4f71f7c74e5ca15eb5fafb10280783c9e7dc75ffdf58f1e79e411ac5ebd8ab59e0f06d1d0d8804c26035991110e8750c8e7f1eaae5de8efeb63759204c866b34c373e160328453299848f752faa5d3f3e4fa669a250c833e09c38d797adb2baaa00e67bbb518b61183c3b4991c9665c458a9983108272b9fcd64f7dea536f1a89f44d33582fbdf4f2db2a956a1d810da82d5ed334110a85d0d0d088d70e1e84cfe7ab81c533004f87c39449a7212b0acf86a0ee7882c0643900e6ea86c31164b259084480ae57b174e9524423111728ce170a1838720400108d4651d575fcddbbdf8d9d3b7721994cfde4b6db6e9b7a23e6a1ababeba64f7fead3ffba72e54ab71ade198267f7228440f3f9f0ab477e85071e7800d95c01044034168161d928154b501509b17803ca950a8a0566b47c810003b20d861fcd99d3817ff9dcbf60d9b2a53078af41f6590c1cb76d1b82c7b398b92c5d8aa1c7e30180395d5d2cd121081008b065cb367cf35b37e357bf7c04bffdcd6ff0bb471f45269d812c899833a7039d1d1d756a0c04b56ed2f97c1e85420120e4a48c176ab6d5fdd7b29944f0073ef0015ce862563c0c1404889204cbb251adea501d636559304c0b8aa24210082c9be2c0c183d870ff069655751af77abc4a675816dbe0aefac0fb1f5bb66ce93a4248e1cfbff2f5e39def7cc74f73b95c6a7878186bd79e09dba6686b6d834d29aae50a7c3e3f42c12076bef20a145545d79c39d075b6c9259349c46231288a8c42a108cbb29880a087de00b03594ce64d8ba724d95f7dc6a092f821a16e8c884530ae473f9fa2ed333282e9665f5dba278ca24c66c8c37c560514a859d3b5f3ecfe9f0e1dd0d1ce3625475b4b6b6c0300c0c0d0f231c0ed75c5ccf227216552018442e9f6795eb041e379781da55bd8a342fbb0985c3a0a02815d9a6a8280a56ac5c094a6b69f5d191114c4d4d211c0eb99d9b97af588e679e7926170ac4ee7a23e763debcaeaf5e7beda7beb474d932989ec615dee1d0205455c5c6873662c3fd1b90cde5402845241c8261d928164b501409d1580cd5aa8e52b1084910a1f9fca8542aecd814e8e868c7e7afbb0e8b962c81c1b35bce751004b67b7abb0acf1c2ebb8a323e8fc043ea72b90c0ae06b5ffb3aaebbee3a88a288b973bbd0d2d2827cbe80279f7c92110d014c4c4ef1bd87d4d12400e615154b25e4f339581ca8afd7aef77c179bb572bffaeaab70e1856fe39e95d758399855059ac68c95695a300c138aaa40748cd58103b8ebae1f2393c9409265969870360c5a63f1d9b68d783c8eab3ef0814757ad5af9bac3c0992310088c5ff0d60b7efedbdffe0e679e7106344d41381241381444269b653d34795fccd70e1ec4c2458b5c59a1a9a929f8fd7e683e3ff3a2f239689ac69fafd71aab562adc50091cdaf21ae47a4fcbd9ec7d3e8d45237c0d150a8593c8c8eef5a05484619fff46ccc99f32de148375e0c081ce8181a38bbd354e0ea1d159c016b5d0d1d189f1b131140bc593b5911cbe1661a4435d6737a8dfa7714e9793cd61d8562693659a556015e9f97c1e966d43d775cc993387b76562f1bd6118181c1c84611a8844a22897cbb8e8a2bfc2c8c80892d353bfbcebae5b87dee839993b77eed73ffb994f7f61e9b265aea7e52d9b7033613c7bb869d3466cd8b001b97c010414e15010a665a3542c42962584235154f52a4aa522048179673a4f87db14e8ec68c317bff4052c5ebc08555d77f11a67513b72356c0631234cf5eeacecf76432895c2e87db6fbb1d5bb76dc38d37dd884bfef66f71e6996760cd9ad3f1def5ebb06cf9723cfae86338b0ff0062d1089b6f9e29ac0db6f71bba8e4c3ae3e22e5e4c0b20ae519564191ffce0d578eb5bdfea3156669db1aa5675689a0a51145c491b5551201246753870e000eefad15dc866b39015e5a44ca8e3c59bbcfbcd07de7fe5a32b562c5bff467856def1577ff5f6bb8f1e3d6a56751d0b172e822808686e6e71a91e9adf8f7028849d3b77221a8d22c23771477124120e431008f285a247cc117ceed86798a68152b1084114dcec204eb129790d9d2380582ab1a621b96cb68ede30b39ed2b08cb7be91f3f2c7c69b62b076eedcb9aa582c062828aafc26026a21906ddb50151589a6261c191838990303b8a030285366287060509694dafc53eade50d90ccbb42a8a02555591cfe52170e3b474d9b2bacf48a552181919814ff3b14af850086f7bdb5bf1ec7f3f4b09c1ddb3352fdddddddffcec673e7dfdd2254b782d5a0d0cad67233382ecc68d9bb061c306148b250804088783b06d8a72b1045916110a47a1eb062ae50a044180eaf743d7b9ec33053adada70c30d3760f1e2c5b52c9a28b0ac2521f5a197176c77420dcf2e6b9a0686868670e79d77e2e28b2f6665228460cbd66dee39ccefef43a954c4efffebf7b06d0ac3346ae7c4371f16f2718ccab6990e5ab5ec660ef91d086adb906519575f7d152eb8e002ce60778c1581204ab02c0bba6e7063e584818c8220082c2bf9da6b87f1e31fdf8d5c2eef8651f540321b8ed4d09557bcf7b1152b56bc2161e0ccd1d4d4f4ea82050b9f7be6e96770e6da336103684c24a0a82a0a8502544571bdacd1d15174712d2dcbb6319d4c22ce0bf89d5661de765d4e9b364a8172a5e212406706fdb5f3ae5d03499221cb322a55a6f75628146053bbe665f1773858a36d5aa77fec631f7b5358ef6f8ac1dabe7dfb59b66da3b3a31317ffcdc558bb762dc0773b27bc709a3d1c3f7e9cb79ef7501ef8719c4c483812412a95e6378997ccc8421cbd5a453a9d060084b84267994b2287c3612c983fdfed436853a6899dcfe7118944a0eb559c76fae91044117bf7eedd71e79d776e99cdb9e9eeeefed6673f7bed754b972d83e5182c2fc08d9a604bd0efc7c68736e2fefb37a0502c8100ac930a052ae50a649171b30cc344a55c66b2c33e3f6fba61c0a2405b6b0baebffe7af4f4f4305d30425cadf899c3dd871dd09b178a835254ca153cfbdfcfe1f8f1416c7f713b32e90c5455c5430f3e8462a9a6cdded9d1894aa58c42a100cbb4dc1bc9db22cc9b7d322de62139253b0ef9930802aebcf24a5cf476566e63d57956cc58552a3a5455862432a55ad3349967c519efaf1d3a841fdd7927b2d92c6bc4302353eb0cd334d1dada82f5ebd73dbe6c59cb1b16069e6abcfdafdf7ecfb6175f4453a2114d8904545545433ccec2305184aab264c581fdfbd1dcdcc2c269eee1aaaaca2497b817e9d04adcebc7efaf7c2e874ab9cca82dee6d551fe2d59a111310814056647703d1759d35c9709c081e823b869202cd84c87f510f813f75bc29066b60e0e89af3ce3f1fb7df7e1bfee1431fc297bffcaff8d71bbee4ba99a661a0b5b515d94c06e9540a7e6f153ead977c758a4133d934cb223aa1037f95284948a7d3a856591a381209bb7d06ab950a7a7a7a108bc5dce3572a650c0d0d8210826030089bdaf89bbfb9182f6ddf0e4110eec7c989b3377c747777dffc910f7ff85f96704fab0e7406e054c1d83c8bf3e0830fe2fefbb9a705566d6f59362a953224514080f7332c178b2084358735b9579bce6440a98d4f7cf29338fb9cb32189624d3f6cc6f772c2524779d4e7f321120e231a8b617c6202478f1d65acebe4348e1c39024591110804303131010028954ad0f52a5455c581fdfb410881222bdcbbe5da59334062cab124519238d7c7402412c1e5975d86254b96606a6a9a397c36e39109a208738667e562565c0e8602d8b7ff00eef8e11d4867329065f9648e19ffd7b62ccc993307575c79c5a3ed6dad9713d2f4867b56deb1a0efb4dfc98a3276f0c06b58be7c394029124d4d302d0b86aeb33adb6010f97c1ea55211b1781c9452944b2598a6894838cc2808950a576fad191f6763304d13a6c9e82e38856e21f5f08b98470d571fded9e8f3f91aeb5d1445ac5cb9026fbbe002b4b6b5c1344c0802feacfe9baf77ccbac1baeaaaab1a54555bf499cf7c1a4f3ef924aeb8f24a7cece39fc4f215cb71c9bb2e619d520841734b33464646605a26640e0a7b3d276704fc7ee8d52a08489d9beb2d13c96432a0a0ee0e54c8e75da3d63f7fbe87b848914ca6303d350d3f4f0d7775cd457f5f1fb66cd99a6f6c6cffd56ccf8f33162f5ef8dd0f5f73cd67972f5fee96f1789796037a0380cfa7e1c1077f8107363c8052b90c9170a3655354cacc68f983419896c58c982442d37c78feb9cd78f2c9a791cf17b060c17cdc70c39770c59557c2eff3a3b3b393efceb5d0c0e6b572d1580ce170980b021691cd66313a3c8c5c2e074dd5303c348ca5cb96e2eebb7f8270248c43870e61dbb6ed78ecf12770f8c8009e7efa19ecdfbf9f2b33581044c1edf5e894db78cb96f285023394a689458b16e2baeb3e8ff3df7a1e28b5f0c2962db8e79e9ff174bd08cb64c64a96250f666542566bda55fbf6edc71d3fbc8379568a72ca75e518e68ece3958bfeeb2c79a1a1bd73535cdaeb102806894a457ad5af1ebe7363f87fefe7e88928448340a9fa6a1c8f14945661bc1b163c7188ec537b44c26c3a822dce3b16c0b36e75bd5681a94d30f2aee42f29eb793d4f04631a0d42dfa76c42d0bf93c009671ffc8473e824f7fea9358b7ee327cf9df6ec069a7ad866199ffff3058e3e3c9f98d89c6c66030884d9b1e86659ad8bf7f3fb66ddd86552b57c2b26ca89a8668248ac1c141688a06a74407401d106d53dbad77f2f97c9c815bdb1e044180655a28e4f320703c0f0b25deef2e100cba38000b076d9c387102a55209e15008baae63eddab5989898402e977fe66b5fbb6178b6e7c73b962c5974cba73ef5e9cf2e5fbe9c795a335523494d2fdce7f3e317bf7810f7dd7b2f8a256eb4fc7ed89432232508f0f3660586ae63d7ae5d18387a14f3e675637e7f1ffc3e0d7ebf1febd6adc35bce7d0b9a9b9b589f458b6169aaaa22168fa1b1b101d4b6e15052000094623a99845ead22128d607474143fb9fb27c8e5f278eaa9a770fffdf7e1e9679ec6a143afe1e66fdd8ce9e96964321968aa8a4a4587699a28154bc8e7f2b06dd62cc4eff7bb4c78dbb6615916ba7b7a70d5551f40fffc7e34251298d7dd8db3ce3a0b27c6c670f7dd3f45329502086b24224b122c93e9eb2b3203d81dcfeace3bee44a15080242b27cf291fb66da3a3a30397bee75d8f271289752d2d2db31606ce1c67ae59f3d0e0f12100148944028a2421168fb12e4e02abd808048328148bae669520084826930885431044b1262fe34d96901a85a8582ac2b64e3e77eab8efae0d636b4ce4324b0eb65aa95650a994f196b7bc054b972ec177bffb3d7cfefa2f62d7aedd58ffde75902579f937bef18d59c7b166dd60516aae9c9c98443e97c7c5175f0c4204f4f7f7e3f433d6e0d0e1c3304de6f28300a3a3a3ac8bad030e3af8948371a0a6cbaef97c2ca4b06b60b0200828974a8cd9cd43bc52a9e4668adadbda99c83fbfa8954a15274e9c8020088c53248a58bb762d5e7a6907e2f1c8c3b33d37a71adddd736eb9f6da6b3fb3fab4d350c7f2e70b92f0708880795a0f3db411f7dd771fca950a4402687e3f6c0a54ab15489288402080175ed882e3c70671f6d96761f5aa95906546aacc64b228158bb8e28a2bd1dfbf00ededed88c75941aeaa699c6e50e6ea0f04b22ca3b9b919f37a7a58f84208028100fc81001e7ef861fce4eebb91cbe630a7730e0ebdf61abe7df3b7c1247082e8ededc5a2458bd0dd3d9785deb6055555914c26914a265993864010aaa6c2a769686b6bc365975d8a458b16f1ec1e9b86a64423defbdef5c8e572f8de2ddf47369b862c89b06c8e59a92a0f3781fdfb0fe0ce3b7f845c3e0f59965d633f33356f59163a3a3ab07edde58fb5b6b65efe667856de71da69a76d6d4834ec3f78f020fa7a7b61538a868646b6d91806545585a6aa506419c954ca8d400ac5220422d4bae8f0e39daa6727a38bd432d135216b825a951c754346412090258689e97a15a661a25caaa0afaf17af1d3a84dd7bf6a25428e0e9679e413814824fd39a0dc35832db7335ebb58484d055f97c1eb7de761b3effb9cfe1fcb79e874838828181a378e4978f409665342512c866b2c8e572686d6d45adb8960b8ff1f048d53457335be15d4bdc9a28c262eb543acd653f64f8fd7e4c4e30f2a86d59e8efef67cd4f399f259dc9606a6a9289fe11828e8e0eb4b6b6e0a1071f4c7776b6bfe96a8ace9833a7e3fbbb77efb30441b8eda5eddb791fc67a3ccf29fe0d0402d8f8d0461000575dfd41f87daadb28c3d475bcba7b0f0e1f3e82b3cf3e1bf3fbfb90ce64f0b37b7e8617b76f47329982659a38f7dcb7e0dc73df8274268d919111a4d369944a25844221e6a9fafdb0f8cdd3d1d909dbb6303d3d8d542a856ab58a402080682c06bd5ac5a14387b077ef5e004022d1088917ed96cb6584c261b4b4b4c0eff32385142459764334b6b1981004110d8d8db8f8e277209bc9e00bd77f11478f0ec0344df4cf9f8f0f5f730de6cfefc707afbe1af7de771feebdf77e5cf30f7f0fbf3f0055555dec7cdffefdf8e1ed77205fc8d7858133876559e8ececc4a5975efa686363c3baa6a6a637cdb3720621a47ad7dd77ff72e7ce57165df4f6b743100484c3ac3aa0542cf164900e7fc08f52a9c4c2355e5c5e2814108bc590cd665dee9e6ddb7537b69389af5475f87d3e8649ba5452d4282cfc4f4110dc9a5b86f356110a31cf7d707010ef7ad72558ba740986878771c1056f452e97472a9d4624163903c0e6d99cabd93658824db15451146cdefc3c8e1e3d86552b572297cb62dbb6ed8cb849042412098c8d8dc1b6ad5a01279873cafe6513eef3f9a1eb3ad7ad12d8aeeb49b73bac690a40f3692060dd9099de8f82ceae39fc62b11b7e6a6202e572052dcdcdd0751d2b57ad423a9d423a9d79ee9bdffcfaf82ccfcd1f1dcb962dbe7df7eebd941072fb4b2f6d87289ca23c8287000c887f0814c007afbe1a9a4f43c0a7e1d5dd7b71e8d0119cb67a35962c5e88d75e3b846baffd0c8aa5127a7b7be1f79531353585071f7a080df106bcedc20b71ece8514c4e4e30c26d30087f2080d1d151376dbe7bf76e547888ed78a6f1789c6b286518102e08ec1a700fcab66d4c4d4d637c7c1c470706a0695a5d46ababab0bbaae636a7a1a826061c9922518387a144ffefe49e64dab2a6459c6a68d9bb069d3267cfbdb3763dde597e3aaabaec2030ffc1c1b36fc1c1ffdc78fb8c66aeffefdb8fdb61f302508b5465d006a8c0aa0e6595d7ef9a58f373735adff9f3056ce684e247ef9ecf4f4f52090c2e130f2b91ca2912852e914e2f118ab17f507200829f71c9c6c614b4b4b8d7ec233df270d02948a45267ee82967ae4b3c70850ab66195d1d5d58563c78fbb6dec745dc7f3cf6f417f5f1ffef99f3ec3bc7a41c45d77fd18d54a0546d538495bed8d1eb36ab0ce3befbc2651107b28a550150563274ee091e3c7410881a6692c452bb2dde4d5ddbb21082204513839d6e6f32b4912860607a128aabb6b38e53b82c0c8a48562d1f50a0cc3e0c4491b8d0d8d4834265c1d23476a16fc86374d13ab57adc2be7dfba169ea6f66735efed4b16cd9921f1c3e7c98cab2fc83175e781e92286126504c0901a14c1ae417bff8052ccbc235ff700d445efcba66cd69e8e999877ca1802f7ef14b304c13ef7ad72558b2783192c924c6c627706274044f3df914feeb89c7d1d3d38bc1c14144a311b4b5b5a3c8ab0358568d65d6a2d128344d4380d34f4e9c38e1aa2a809a7300002000494441542e683e1f027e861d8e8e8cb88cf6cece0e88a288e96412654e7c2c97cb0804020886426888c7118fc7619a26028100766cdf8152b1888606d6e26a7c621c3d3d3d181b1bc33f7df69fb17cd932cc9f3f1fef7bff95d8b471138e1d3d86bebe5eecd9bb0fb7dd761b8a8522544d63e133f1745002389583151c5f76e97b1e6b6e6a7a5300f63f3676eedcf92a28764e4d4dad696969463e9f67d9d8f17198960549628a24aaa6a25aa9ba063f5f2860aea641561458166bfbe66440eba90bec9c193fcd69c7c88d169f17d334313939094dd3b072e54a4c4d4d81723cb1c691abe0ce1fdd85850b17221808e0f0e1c398989880a2a828954acbb66eddea5bbb766d79b6e669560d966ddbfd442071674b902409a224c2a10a9a9605bfdf0f4992303931019fcf87743a8d70285cb70353b070cfb62c4c4f4f211a73b0bd9a4b2bf0ae384e557b30e077bd2bcb648b53d334b7f4a3542e633a39cdaaf64511e17018bd7dbd78fa99670aa6293c399bf3f2e78cbebebe1f1e3d3aa88b8278c773cf3d2b494e034f522b2171463010c4a68d9b609a26d6ad5b8faeb95de8ee9a0342089e7eea690c0c0ce0b2cb2ec3ca952b317ffe7c88928843070fa1b2740932990c1e7bec71844261f4f4f44094440c0c0c20994a31bccccf6adb249981db9665617a6a8af1abf88d20491242a110544585dfef83611ac8a433a094626464141d1dede8e9e981691ac866b248a7d3c8e77278e1f9e7d1dede8e050b1640d5340c0f0d219bcbe0431ffa07f4f4f680528a975f7e19f7feec67686a6ac2f4f434befffd5bf1831ffe003ddd7371de79e721994a21ffca2edc7aeb6dbc2ca7d6ea6a26e7c801d8d7af5bf7cb44a2e1aaff49cfca1937de78a3bdfe8a2b1e1e191959d3d93907875e3b844824024114502957e0f3fb20cb3202fe008a85a2dba1b952a9b875b8e9540a94d7673a1eb1375152e54ab4844b0c0160500a61d9df643289c644235a9a5b303a3aeaca88b32488892ae75d1100afbcf20a1cc5145196615916b2d9ecdc4824320fc0bed99aa75935589aa62d75626597b006278321c034ab883437a3aaeb989e9e46d7dcb9a0b68dc9a929f8549577aaa1b02d0b2dadad181e198161989025193393fe8400c562119402b22c415535a4d3198033a23b3a3ad8e7f30b98c96690cbe6e0f7075c7c0494627868f8c59ffce4aec1d99c973f77cc9bd775772a95cd8b9278df7f3ff38c2249d249e515d466463b100ce2e14d0fa35ad5f1d18f7ec40d1f5e7ef9659c7bdeb938fbecb370d639e74096d9a5cf66b2d8f1d20e542a1548928c42b18862a18013274e40d775a89a86782c06511451281490cbe741a9cd6825b28c583c0e599220319d29f87d1a7c9a1f996c06c160108d0d8d0001caa53252a914a6a7a7d1d0d080582c86583c8e62b180a9c9290c0e0e627c7c1cfdfdfd883734e0dc73cfc382450b91cfe54008c139e79c83c1c1413cfbecb388c56278edd02198a6095194d0d2da829d2fefc4cf1f7800a224b1d212db769335aeb7c12c3ddadbdaf0fef7bd6fd3fcf97def237fa69ed56c0e41517e333a3afad5254b96288aa2c0a6147e9f1fc56291179a8b2edeea10aa6ddb463299443412c174320981d69778d5ce9da9a4a6d369c41b1a50e21c3d508a6c2e0bc330307ffe7c800043838328964a75c7304d0b9669ba5eb12ccbeef7b639e3bdaaebf2d1a347fb318b066b56b38484882bdd18993a0d45d9ff88406099161a1a1a90cd6651ad56313438089bdae8eded85aa692814191fa7a9a90953d3d3387cf830cf02392dbe88f3410005abf8e7fc2b8091de1c125c6747875b3c6adb3652c924aa7a153e9f0f966961c9e2c5181e1e46369b796a36e7e4f58e783cf2d0b59fbdf61fcf5cbb963ab48c3a4c8bf0b08d7711facf5fff1a2fedd8018b87d7d3d3d3c8e7f368ef68872a4b302c0a016cce4ccbc4d414f3362dd3442693814d59d16f7373332a950a26262650ad56e1d33444c21144221148928452b188e9e9698c0c8fc0b26c944a65e40b8cf7661a261cb5d870388caeb973d1dddded8686f97c0eaaa2a2bbbb1b3d3d3d0021c864b3b02c131dededa896cbee39eaba8e79dddd00287c7e3f2beab5292a952a6ccbc2c39b36c1b22ca8aa76b2a4b693eea740636303ae78effae7e6077c57ff6f325600f08b7bef7d2d934eefb12d0b91086b831689441857114e9f40cd4d383904db548ac92bbb1dc01db8041ef50f50083c2955e6d24d0090e3151ebdbdbdc86432383a701405bef13b5c2e4a6dd76b2b97cb5cfdc18384790cdbf0f0f0dcd99ca3d93458445194a5ee1f9e121b00ee49c6a251b73f60b95cc6c10307b177cf5e88928844533382a110464f8c62efdebd30397b99ed20758771cb6f00865f95cb25b7575c341a412c1e770177d3b2904c2601702c4d14d0d7d78783afbd0659565f9cc539f98b463810b8e78a2bd6df150e47eac265ef4e582397faf09d9bbf8dcd9b3743374c2c5cb8107b76ef71e5a19d89934409dbb66d435b7b3b444ec4f5fbfd686b6d83a2a898181f47a95442341a61b56b82806c368bc9c949a479f7164992d0d6d18e7843834bc00580582c06556500bb69311d2f26892c23168dc2a7319cd1f120162d5a84ce8e0e54ab3ac6c7c71975857f4f55553138380850c0d0753437b74014458c8d8de1c73fbe1b935353ac0989cd3725a702c2c9acf2c577d6596725172f5e7435e9ec9c359ce52f18d434adedc9540a4d4d09100284c361563f685910086bc8a2691a283740945254aa55944a2528bc598b280aaed1ae1190890bcc8f8d8f23956259daf6b67688a2808181014c4d4db99b3a673b70e347615a6cf329974ab59a52d49756499284a3c78fcf6a1bfb5933583ffad18f5a08213d33cb4cbc8c5a8710373dc57a0a3a9988542a8983070f62fffefdd8bdfb551c3e749811e664c9ed04325347ca017d0581a98b168b25105e27178fc7ddd4360550a95691c9b0da37817f87c6c6460c0d0d552ebae88237952cfae78ec58b167d63e1a28519c360589dbbaba216eedab60d4551502e97f1e52fff7f78f0c187b064e952140a790c0d0d6178f40408804a55c7918101ecdfb71f13e3e32873ce95e6f3a15028209562f56a89a6040082a9a9294c4e4e42d775040201b4b6b6a2b3b313cdcdcd100501e954ca6de469980652e93472d91c6b3d4608549fc63c5a8b757529974bd0348d7d5eb1884a9975d29165094f3cf104060707110a85100e87b177ef5efcfec927118bc730353585775cfcd7387c6400dffdee77b075eb56241289fa721b2f899297a8288a82552b57fd801072fc7fe2dafd298310e1c0e4e424124d095010044321104180ee51d860256980aa28bce09ff0dad99ae6558d3e3af3f8c40d238786867064e008868686ddcdde0d371dde9f8361991640e17a7bceb19c8dcf315a7aa5da359bf3336b18d692154b7a376dfa8f066fdd564d2a04b06c0b9aa6419224a4d229088200dd30dcf8bb52aea05caed4dd888220d41a443a6c37c2f0b062b1e0b6b792141928b134ad6ddb686b6be30d15d8e4968a45e4b239a8bc33b3dfe7832089d0abba71d1451755fec029fdaf188490c16f7fe77b072c8bae6572211e40d9c36cb66d1bc15010c54211b7df761bde73e9a5b8f0ed6fc73d3fbd075bb66cc5bceeb92896cad8ba750beb409c4e21168d0184209fcbb93cac502888e9e9248a452661d2d0d8807028ccae51a5e236a3f5f97c8844a350b82eb869d9300c1d7ab58252b1e8aa43f8fc7ef8340d814000ba61209d4e435115c4a25164b3594c4d4da13191002104b77efffbe8ebeb836118d87f603fc2a110c6c7c771f63967a3bda3135fb9e9268c8e8ea2b9a9c93d7f9b5208b4a658eacd0e2a8a02db268fff4f5ebfffdbd0343997cd6631a7b3d3addf545515954ac5ad0670aa3c1455e5b8ada318cb6b3f2853b7b0b9d02138865c9308aae97e394928fe844bf9a19e3a12c21d024a292b78e65244defbd9d91caa86d9f5e52f7f59baf1c61b4f5d51ff178e593358bffbf5ef3a5d6faaee191b84b01ab06030044a29b2d91ccb5ec033a9fcd5deba3f4912b9ae8f87010f565d5e281418614e14a148328840605b168820a0b9b9995320d831f3f93caa7a15b1286b929acbe7512c1441a9edd7753d0ee07fad97452915be78c3bf859dcd8d52bbc62da29e7d955258162b659224090ffee21738efbcf3100c06b171e3430005cb068aac8b50a23101cda7a1542c219bcd22168f4353358c8e8ec2300c844221c4623158b6857c3e0f5555d1d6d686c6c646288a02cb6605c78ef28328889064d92d23d17962e5c48913c8e772088542f0f97c90fc8c0c39393989969656a4d3290c1c3982bebe3e0483410c0d0d811082788cf5875cb17c0556ae5a891fdefe43e47219249a9adcf3a7947a6e38781aca7a54658f1ffe833d1fff370c42c48ec6c6049f4b0baaaac0c789c0ec3c44688e1a2fa8ab6d7f12bb5df000ef7044106bb82f753f8f33dd8907937232d07c031478c6de89820c93d5fbcef4df0821300ca3b958441cc0e46ccccfac19ac5dbbf6343b9888938667bb1d8b422d83354cad56aba8562a75d91cdbb6014170f5c49d899164058220ba93e90e0a57235d942428aacac8a65cb82dc485cf04be0317f27958a605455500b0ece2b3cf3e8bd5ab4f13376e7c783d8057676b5efed2f1ecb3cfafdff3eaee858aa2b88f79c1cfbaac18587848040136a578ecf1c7d1d9d18155ab566372721227c6c620892256af5e85b1b1314c4e4c2293c9a0a5b5059a83191182c644237c9a8f153b6b1ae6cf9f8f588cd5ba9d38718289235abca85956204a925b782c491214956992c5e3717474742097cb6160e008a6a7a7118944e0f733099c9191617476760204d8b16307bababa1008f8410411b2acb8aa121b1fda082210241a13bc34cb06f584c7f0f0d3bc73512995b06ff7decf0278e6cdbd6a7fdaf8f5af7f1d7ae2bf7e7fc58517be0d8f3efa2803d545098160801584835d6b85570880d664a60ddec8c3590b02116a46c9fd8453fdc6ab4500f74623843de6ac2947a1d6e67c2c46de96dd08c79bb1b62db341142bcd982583356b1856a5526caa13e1f37286082b3c0e05839cc763baa957f674cd3575de0bb0c5ef58fd5a88c9dcdd6ab50a005cac8d952d5030fe10ab5d633b9065596e17685962e1aaa6aaf8ed6f7e8352b9045553af3dfffcf32f9dad7979bd636c6c2cf1dc73cf7df0be0df7ffa050c80b8efc8a8b63a1dea370bd0c4250c8e7914a2631353989c9c9494c4f4d21393d8d54328972b98cc1c1e3181c1c442a95424b4b0b3455c3e0e0104451446b4b0b448135f498376f1e962f5f0edd30b06bd72eecdbbfcf95f34d3435a1b3a3136deded686969416322c141779515a0174b989c98c0d0d0200c43c7aa55abd1d7df8f6c36eb32d2354dc3c8c8081a1b1b31b7bb1b070f1ec4d163c730787c10bb5e7905856211aaaa723dff0cb2d91caaba0e0a7e3379702ba780da51beb02c0bc160105bb76dfbdb8d1b1f7eb0582caea294fafec894bb83524a3c3f82e747e43f12ff9177ecd821534a654aa94229550e1f3eac3a3ffbf6ed53e88cced6fcfd8dc562f16f28151e7fe73bdfb978c74b3b70fcf82014be96038120d333b34c08bc185ae14451c9e971e9441cdc600b844718de8dfd0f0c37e3e77a612e44cf5fe0eab7b3b090776e777fbc0d7b414459963bff94797d3d63d63c2cd3b43bdc9bc7eb8a52964ea7d466baecdc7838b216d4f512bc4264bc185396ea421f975fc25b39114238b8ce760100080602d054d5bd810dd3443e9783c0c5f69dcf330c03f7de732f962e5fe65fb366eda60b2ffaaba78caa3e260842a9542eeb20c4a29452d816d17c7e391808fa28b18302110581084452248110228443612232de05eb9a258ac4b26c22402020b6c0163d210211049bdac4b66c411008314c43302d8b8844b46dd8ba484423120ddb957245b06d1af9d9bdf777bff4d24b4da954ca958f760c1280ba50c83b37baaea35aa9a0582c419224c46231e40b796432199659ad54dcf299c6c6460402411c3f7e14a228a2adad0da55209822060f98a15d0ab55ecdbb70fba5e85df1f405b5b1be2f138245986e908baf1eba8c832d460109ae6031108caa51252a9144ae532f2f902b2d91c9a1209ac3deb2cbcb27327b2992c2b820730787c10bdbdbdacdddbf1e34c8206c0d18101b4b7b5a1b9b919994c06b95c16a15010aaa230a3c52b1f04672e08d7d7e2244a1056acfdcb471e59fff2ce9d97f5f6f61c7be8a14d272090b20062536a8b9410599124c5b46d817023f5d0c64dc4bd9d2961bd60a94df4aa4e400448a240045120ba6e12cbb2b067cf5e62d916b12d4aaa86416ccb844008a114f6e34ffc5effe6b76eae9aa66d1242c9b7bef59da020096dd54a3551d575944b25e4723937492410d6151c9c26e264c915454155af4294244608750c9383e30175253ade92242f383ff379ea3170356fadd6939110403718566c5a1644579a99f2fbde446363d3bc3fcd4afcf963f688a38434018e5be9b9991c4f8a10683e0d53539370bab7381e430dcc730c130022b893e30c66fc5826d0010f1595ed3c86c184f042a1909bae77768742b10099632b266f934e0881655bd8f1d24b0040aad5ea858430fd7189b38ac98ccf3e09c40478c128c797c02f36c7d928681da0e782e6dc4b82c7f80070415307a3906599d782b177bbf8c30c34c14d378389e81141402c1e854ff3310e5a2ac5499722286f5f65db36a2d1088687870010b4b5b5318f4651b070d1224c4d4e626262129224a2adad0389a6040c5d7743424288ebfd107ed338aa9fb2a2a0b1218e395d5d300c03c3c3c38cdbc5cb40d6ae5d8b1d3b762093c920128dc2b62c1ce138562e97439567a6a693490c0c0ca0bfbf1f9393932e7fcf300cbef9d8a0360175ae17a9b5ee72e6d0292c9e9c98104747477b0921bdb50d50e06b8df090ca33af9e6c2ceaae12ad85a09eb5c14a82d8fb58b2c743b1f06c2cb66dc3b26d48820059515c9e950ba58015fd0b82e82a3710c244199926bdec7ebf996bd39b35adf7b388e73bd484328940306329f14d11aee43428e3c4118e39d73648d6999dcd31f97fcb605d7ef9e562329969b029d362525515baaec3b26d288acc58d982084551512c146b0a90338e431d6b0740120408825887d5000ed0a7bb9406599239ff8ab9afd168d4353684b0b46ca552756f2cb8e03ddc9d0b804b3eb51dc634fbb0ba45e95c34e718dee1651b3b7f9fea71c74bfa438ebbd730d6dec30c1f2180ed59705e43e5ec88f97c1ec96412f186385445c5d8d818aa952a8840208a221a1b1b41c15acd3b226f2dad2da856ab9025098b172fc6f8c40492d3d35035059ded1d102511478f1e45a552413c1643d7dc2ef8fd0137432808226f34c1369342a180e9e9299c181b47737333fafafa78783804511070f8f061ac39e30c6cdbb615f95c0ec160104414313935896030803973e6a098cf63f4c4091c3b760cc55209a54211814010591e92462211108edbd8b60dd15396e2bdf91dc3e52845b886885de0bacdc79b9d76363cefb59859f2f387c2af53bd8e7ad69dcb17f384b46e984729939651147809c32a5fa79224d743279e353d73fd78bd2cb6d7d5b2ccce2633231864c91b9b421425f71e357463867166868a7223393d9d9a73ca897803c6ac182c456909d8763a11f007f0d18f7e14ab57af462e9bc5cf7e762f76ecd8014551204b4c49b1542abb990e6778431d0ab81e9023f0560f261298a6e176c09165198651cba80683410f2848dc1d59e14c5fe738a75a90deefc41f3889410d522f2d7c1200ce0d1e7b92cc58dcbc6db867877617f20c23e83574cc2b831b32d4cd99f39d0993cdad56abd07c1a3304ad6d28728a81639c7d9a0655d35c49998e8e0e18260bef56ac5c896c36cb1a7a10201e8b2393cd22994a211a89a0a5b985793636452e978520881005d6d8c2cd300902245142636302894413a62627f1eaae5d58b87021344dc38103071089447060ff019cb6fa346cd9b285f1bc820164d219b4b5b72193ce201c8920994ab98d41fd8100ca65d644b7582a21180a42164537e3e5ae1b4180c8bdd793aeaf730df91fc45133aabfea27cb293bd7c2b34938b8aab3064ebed6f5c73bd5a85b6f9e3523c9ac2984ceb97714a88333f872708daf0d2fc6eb39a4e7bc499d7f54ff3cfb2e365fde3c2485ed8698a669d6ce8f10b4b7b7030086868739285f099cf204df80312b064b148d10a576e4539ffe14962d5d827befbd1f0b16ccc757be7a13fee9b3ff8cfdfbf7bbd2b8e54ab9ce5a3bdd521c23e54c2b6b49c5569437f30802debc8182088c58e7e0598220b0be859ee3972bac33f2a9349266eeaceee31ee3e1dd1d8119c6d5b36bbabb9cf775b496c53bc973f280e470cecd7b6ceff799f1b9eeebb8e183138ef1e2f27ca180a62626a1639826089f4fa7af60a55241a95c761518468687b168d1220014d3d3d328954a0806993793cfe7118d4691c964d0dddd8debafbf0ed16804aaaab8723fd4810068ada9463e97c39d77fec825b4beb26b17162f5e8c850b17e2d55777239168c4f1e3c7b164c912bcfaeaabf007022082e0525e98dc73858546a60150463cae542a0885425c265966467246e0e6ccf9a93a3bbb1ea9e0fc56bbf9bdebc6bb61d4c1019eeb37f35afd318f6be631ebaef58c304e141945c4216d12d4924b023f5fb7a0d9b3813a1be04c0fcbf5b2507f8ece3573363346da8d40d3544c4c4c80da96ebb95b96059fdf8ff7bfef4aac5cb90284101c387010f7fcec5e4c4f4fffbf65b07c3edad839a73370d6596b71fd755fc0962d5b2008229a9a9bf0ae775f82575e7905e17018d4b6512c16d139670ee67677239d4a21954c219bcfa25828c0b4ecbade85ec02b3cf7080451653b30ca1248a3c4368301c4210a0f97cb5164800635353dbdda100d4ed94fc90b5858e9a6bee760df18490dee17c86d7f3aadf8d0940e8c94609b585e53546f59e24f8ae0677473d29c4700f495c0da3206f4851d5ab484e273d372ecbd44e4d4f23168d02a068686c403e9743676727dadbdbf1eaabaf320269380c5912914e67108fc7912f14b072c50afcfbf7fe1d8410a45269800898d73df78fae8b9b6eba115ffcd20da09462e1c285d8b7772f962f5f8eee79dd181a1c442412816118686a6a627856248c7cae004912914ea7dd747ab1504430104420e08761b0da474991999704cf4d49485d68e86082ceb56386ca09ebf9dc1152bbce9ee10d154ff2bc3d6bc1dd384ef2903d8ebee79a798fe9ae01e739fe3d44de3da7582cc2a6b6bbe11022b89ba2d75f7237cc99df11335fc49d04db6649125581cf1f40241c86cc49d555de81cac9c03a3585d56a15975cf2b758be7c197e7cf74f51a95470cd351fc27bfeeeddb8ebae1f07376edc28ae5bb7cefa838be1758e59a1359c73cef91da6694a4ecc4b08039d2d8b190a9b52481293a4b04c1395122bd198d3d585d3d79c8ef3ce3d17cb57ac408ccbc8500a2ea751efea3a2db0a8edc19404c1ad19140861043767b22d0b866ec0e1afb8c3b51f7cd139bb0d6a86cb8b33d54a3f9d076a9e94fb7a0f28e9be5fe000bce779e7f5ae14087f1d0097aee01db57ba01e6fa1ee73ec31c330204912c6c7c710894610094738a8ca3c13c723686969616a94952a44eebd9c7ec619181a1a46a15080e6f3c1eff32197cba3a1a101e57219cb972dc31d77de8196d63684431134373743d70d7ced6bdfc0cb2feffc83eba2a1a1015ffffad7100e874008415f7f3ff6eedd8b762efda31b06262627d1d4d4c4d645b9024565e4d3458b16b9f30400b1780cab569f0680f2825cc10d751d3cc61b26d57934c4730dbc1ba2a723b520d4e6f78ffdccbc30ecf8a7f07e71f26333ff76cecd596b8e27e3b48fb72c932918f3d78a223768428d73e5dd58671ac5da0265bf3a6df63a3b3ad0dbdb8b793dbd686c68806959c86633989e9e7695476726bc4008962f5f86279f7a1adbb66dc3ae5dbbf0c413ff85bebe3e08a214ececec54300b63563cac6834d839323c8c175ed8821b6ef822366c7800dddddd58b57205aebbee7a88820059915dae946e1818191a0204018a2cc3e7f3a1bdbd03917004bbf7ec41727a9a4fba679b725c0d0ab741a740181da25c62a18ec0359abcaebc8303d43dce4d8b538f78d262f48c1ad85e5feee03e07d4edac75ef75bef7290c113dd5e3cece496b37420d64e199478ed3083cc3e518e752a9044a6dc4e27128b2827c2e0fbdcaa81e8ea2a52a6b080602181919419ccbecf6f6f4c2340c4c4c8c830804e15008d96c1681801faaaa62cd9ad3f1d5af7d0db128a32084427ef8fc3e34251aa0a80abefbdd7fc7e7affb1c562c5f7eca396888c7f1959b6ec437bff92de4f205c4e3711c3e74084b972ec5e6e737a3bdbd03c96412c150883559088550a95430a7ab0bf1780388c06ed6a1c1212c5ebc04a15018c5e218db8c4cc653728d3fa56e2355006ee996f3237223752a23e4ddd0bc06875246b1f1362d85735deb2ef41f5c01ecb75326996ac0bb5eadbabd06fd3e9f8b153a38122104026fbb2508022c074299e1059e840df37545796262debc79104511c562116636c3f1350a0a3e379eefe46ce29452542bccf3eaebeb750bb417cc9f8f743a0dc3a8060b858202e00d2f309f158335954cb68aa2885b6eb905575e7125def377ef46be50c08d377e053b77be0245515cd54f9e0605389b96f540cb239bcd221e8f6341ff7cbcc8bb383b3de666665874de83901002d33050a954183029491025c90d094159534ea07e113a756e4dbc26cdb2ac1a16c28d802030d6b1f3b9a22840926477d110c025f5393ba08b9d10960cf0070208f8fd2e5ec2a841021cda87e36101ac22802d36ca6f0ec059f0d4663762b55a45381cc6bc79f34008c1f4d41474d3806998183d318a81c3475c0a43a55a61f3c08b6733d90c62a1082ccb42b5524164ce1c4c4f4fa3a7b71703478ec0344df878386d591662b1282ccb86a2a8b8e9a6afc0e63793200a5ca34c82691af0f97cb8edb6dbd1d8d000455121880c7477d8d8b66d411259ebb07ca188aeee6eecdcb103b66da3a5b905e572099228c1e25226aaa240962518ba8ed6b6568c8f8da3b9b909bb5fdd8d4aa582e69616048201cc9d3b175d5d73118b45a1693e34c4e390140513636398989c84cadb8ad50c1a9b7baf7103f7ac6aa0349bf35a74c736c47cbee0b2fb9d107ba6689e28883c8cb26b941dee555b5c06c84936399b92611aa07c9e72b91c24cb0278c8e6e89779610089530d8820c0320c44a35126863939e986c22e95c23d1b164158bcc6160097a76130818385b10db9064b38aaa3d4b6dd7662bffbdda3f8e4273e8e1bbef405d8364563a211dfbfe55680104dd7751f80ec5f6a4b668e5931588490469b32a2db9d7750d69ec40000200049444154de897beeb90706776ffd3e1f8ac522335826e34fd56e46c2ff631e50269d41a22981f68e0e64782767a01e6ba29edf9911345d02a124cbcc5df6ec108661b88b16e03a4bf3e6e17def7b1f5455d11b9b120f88441c25221105081004009e5dd97d0c02049180d4bf86c286450835050806044894d24680ac218270264b4fcbeef79d793e7fee18193901cde743341a06e558de238ffc0abb5fdd8d919111d894a2adad0db95c0ec78e1d03a5143e5565f57e9475c52e97cbac7bb04d118946a0280a262626400482803f806c268b603008cbb2b164f16206cc0798848caaa898989cc49617b6401080a1e111a49249f8fc3ece7a6f834ff3415614b7a6d01bf64892044996d1d2da8ac1c141f4f4f6e0c517b7a3a3bddd25b396ca65442211148b45343636626478d8e5931d7aed352c5fb1022dcdcd48a553d8bb670fde7ed1dbb17efde5ae622deb0e94412412e13aff403d778db81b83732558b2c05bd4cb3611875fa5eb3aca9532a86dbf4c29fd7db95cd57d3e9f454462960a654390882d099249083528a55451b488288a8a452dbd5ca954044128da869dcfe5d24540320c5b177c8a2f3a3e3e36af52295f28c9f279954a155bb76e45b150000861469c1b0d8187f48e67257842fd08e398d542607642756b8d528a70288450388c6c26034912eb031790da3d790a2c0c94614947078ee15b377f07679fbd160211f0c2dd5b70fcf820245152044198959acd593158966146c043181fd7347254291dc32149124cc360295200351490ff430108ccfb696f6b472e9be5170175178152eab2ab0977759d29163908ef1cdde49899e38d198681a6e6667cf14b5fc0c0918131d3d4d7bf65fe396f78d70f4a2901702d05be67d72d1e82fa5ba5f67b7db08aba47054290ce6470f8f0619c71e61a466c05f0af377c05bffecfdfa0b1a1c1a5291042108bc5904824a057ab2cc4aaea1025093e4d433a9341341241b95cc2bc79f390c966502e9721896c6918a681402888782c8a5b7f701b34458193941700fcf4a7f760f3e6cdf00718585be106c6b22c54ca15048321f7da8bdc8bf64af7da9685d69616ecdab50b7e7f003ede19291008209dc9b835a2e55209cdcdcd6e78178b45d1d3dbeb165f47a2518c0c0fe31b5fff06363ff71c6eb9e57bacc9a80aecd8f13242c10056af5ef5865c4f9f4f43381cda4008f90821e48d0e7bbe7af3cddfb97ee1a285dfb8ecb24bb161c3cf41a90d51aa35212100ab9d1445c030e0f0cf2cd374f5c898ddf186b21e2e9a6d43f3696e33919ab1a270eb5208adb35533796236a5503515c3c3c3d8b0e1182837a4b22ca35aae6a91482406e0f81b3c37b363b00cc3f4038e02e68c389fb0ec94c8dd68c7adaebf6d398e0dc2baa6683ec6cae6f88d173b72c074e76fcbe1b8d01a470900ef3a6cc3e4d2180073732fbffc321c3f3e88ad5b5fbce1c61bff6d565a141146d9bfa5aaebefd075e3a21a5ee2391717a177c2115a9711f4ce8d2889181a1a46281c82aa6aa094e2bbdffd1e9e7aea695c74d14558c0a56ea7a7a6512c1531343884e7376f46d7dcb92897cba8542a906519a224a158c8239168423e9f47bca101e9640ab66dc1e7f3a1ca9b768aa2c8f4f02d1ba67319010884e3425ca789b589375dcf29954e2112893061392fb83d036bf1f9fd3c0b5640bca101c56211c1202bb9a9562b0c33d1ab0061d22aa55209effcdb4bb072c50af8037e689a0f857c1e0df1381a1a1ab071e3467ce10b5fc2adb7dee2867f2f6edf8ec54b164314a51a1ee809b35137c78ebc0a7fdec96838e19840061449fad82c182b00c0e73ef7cfdffec78f7de2ef3f7ccd3ff42f5bbe14dbb66e83c4bfb737d3297a366327d494f95c7b37742f200fe2847dd425a23aafab65e1eb8d1550c3f4a877fbe4ef618e08f366cba51200886d6d6dad005e79a3e76656b284a6696a3c1f56bbec334049a7af9a132ad43de9194c96b5547b0d9d5102e1f55838fe03feb8f31ed788b137b958583014c2b265cbb075ebb65c3e5f9df53e8415bdfc334d634d31554586222b5055058a22439164f75f5992207326b622cb906586e3383f22c71928a510058289c929fcfce73f476f6f2ffafb7a71eeb9e7e2fcf3cfc7aa55ab70ce396733254eb0ac93a228ac9485174f178b251717d45495b549a380ac28d02b15267238330941a97b999c226cc330e0f7fb118d46a1280acf4432996a9327331c8f572084a7e599e2aba669088642c86673080603a8562afc5c65d8766da3a19442f3692897cb6869610d5d3b3a3ad1d0d0809ede5e343537a3b1a9092b56aec07ffcc77f60ebb66d0080803fe0e24b22cfae89bcd44b74c8aecee3227b4c1284da8fc89e9744468a9504e16e42c8ac75d921845873e7ceddf7e8638f2318080260f2c833b103166dd4423fa72a4320a4eeb5c4fb06767c844261d7f8b8b00af5feed01eb7944549326e7d8b1aea35c2ea35aad42d74d17fb1545118661c4dfa8f9f08e59f2b074d9dd94b8b59fb99939043407b476804d2fd7ca6bba2cdba174d41b3eb683783319ec83ebb224b4c621a1d476d3fb8a2cc3d0756433e9f49123a9cc6ccc857714b2859d8aa4190064678b77c05cf7d4080f148913108287bbec752c9920a25ca9b859bf7dfbf6c2344dac5cb50a4b962ec59cae3978fcf127b06fdf3e7ce2e31fc7e38f3d017f2080543a8d582cc64a532489717abc6b9bd41425654982c9c981dee17a7bfc4d4d8904da3bdaf1894f7c1c7bf6ecc5d88931cc5f301f3d3d3da856ab5015053ebf0fb96c0e9b373f8fe1e11108bca3703c1ec7d5577d008ffcead7505405c54201b1789c693f0922a7a4f01bd166c990803f80542a055d37e0d33494b8eebb6ddb482412c8e7f3e899d7836d5bb7e185e75fc0d9679dc5c225cb76d78607457761869ac60a81d3fdd8eb5cf1cb0080505b109efdcb56c2ff7da88a329a4a26d9efbc4ccc9b9cb1a9cd339cce46ce611178ee217a6ab22c7ba9cdef4b5a7fa3391f84fa7bc831988e736af23ad140207052a8ca70693a2be4d15931589452420860d31a30ce839c3a2bcfdc5ba16ef7ae192bea72969c2c8b172c25de37f0b0cacdca0180a7e8d5eb16db36ad85a984f1752c1ba4b1713666a27e4422914ca954ca81a28171651ca260ed8ceab9550e999439fdc40955a8edf60b0480c98949589685febe3e2e072dc3eff331ada960004b972dc3d8d818464747ddce428483810a57b260989ec99a56702b6673d6730d8405ff5efc9e26cc13d3540de79d7b2e7ef39fbfc11d77dc815b6fbd15679fb5166313132897ca98d73d173ff8e11d3874f83056ac588eb5679e89e79edb8ccb2e7b0f76beb20b274e9c40241cc65891354d354dd3f5c25cb09b7fb6a228a7f40c0861aa1d8a2c2310080084205f604e9028892814f228e4f3f0f903b0a90542d96cdad4665ebbe01cd09b1d746e68277ea4b0292d0bd066bdc96e341a3e3e3e31e1aaecb2c26c52db8c6b27cffe9de9057b3da4938ece74e0650eded73de33d369c43b386314ebf50b601986e6f51e77d4e0993655a00a0befeb3ffc363560c96208896e3d938569fd619258f0be5b85ea4f69c733381cc904b410d7ae07b00404e4102f5182f376ce49f29f050c4c1cd08211045217ac92597447ffad39fe667633e9c1108040455b345277465e7503f2f3317dda95e23890262b198eb61b5b5b7a3cadd73d334a12a0a464647a1aa2a245144a95462a19b8b9d31da04536895e050374cc370d11b02cef1e21f4d1ca0c4f987ff6e9935fcb06b6e1753f6cc3343611a2c037ccbf76fc58e1d3bf1a10f7d10d96c06854201577ff02a3cf7ec66bcb87d3b82c12072b96c9db1a9513c6a43e4b41181300553a76d3ba5acb3f79123475876399301b56df4f7f5b1ef4b29c2a1302291888b853aabc9317d04c4b3d6fe0f755f1e275755a6fddcadeeadbdaaabf74e3add1d425642246149d841141414171871901082e23822383a23333ae2e08ca213c0651444704601510c3b24ac41010921fbd259bb3bbdef4bed75f7f3fd71ceb975ab09380334f3cdf9fd20ddd5b5dc3ae7dcf7bccbf33e0f5b0b7088035f0d0020a2280833ad988e239d9d82e2abacf27dec719f094285482c1f5c4482cf1f5fb6ca4c9d9725052abe21fffb9b8ddcf4df6559617dbb96b7fe22076d0b02081124ccc0982958839fa99e7947acf580f994fcf4322dd3173b4f6f5ba10b24b3b23bc75f715f9db0f7a5603781b18a52e3e5b2ea21c7c7d8d44da59819d6e3c6696765598ad5d6d69e8819a6462ed976934448bcf2d1f2f6a09bd0f7902f562bdf5880eb52ed4599d1d49ebc6205eaebeaf0f4d34fe3b879c7219bcbd33c824d39d377efde851d3bb62399a8a20206005c16629b9609d7a1f3639a2624c14fb92b30f0a2cc5383f42afcd727008669e0e5975f416b4b2b7ef4a33b307bd66c6cddb61df95c0e2fbcf02276efde83ebbff2654422114422110c0f0fe3fefb7f8b743a8d7038cc722354ed489458288872ab0a4fd4cb8cd50302d0dc3c1bb96c168669405529f19faeeba8afafc3e6cd9b914aa570da4aa69c2e089064098eeb78e900974c9b67df7c57e4e4f12683a511415804e0c8bbd90b7f697476749d78faaa555e95142c2ce3f92a7e6dfe7630ae61e0ba0e2459a9a02caa181587fcb47e46087041de6cb0581e987f1e2fc6f0a2199f3e6a600588228edde1fd2ec78c182c5555ca9e0a21f4ca7d093def54e05e107b6a25cebbdc0c6c9aa6376184dd39654f44609c51ae979b114411846156f88472fc15c76509828042be8003070ee0d4534ec1134f3e7d1580a766623ef8106ce7736ec5515efed6dc637cd37927f0601015379624c9181f1b8765d9088582f8f6cdff8c2b3ef359ac58b102a228e2fcf3cec5c4c404366ed8805c2e0fd330a1aa0164b3598f824710688299baf854b14851152fa12acb320cdd404056a8cc1371615b36204adec5958a45f474f7e06b5fff3a03da0a1e1b816999181a1cc28d37de8070388c62218f583c816824e28142f9e62f954a882712d0751daaa6b22678d733587e1184702884f67ded983f7f3e427610e9749a098d08f8e5ddbf446f6f2f6efdc1ad9877dc710080743a8340204039ae3cc79fa712008f2b725ad87bcc9f090111f0b7001e7f579be16dc6a64daf9c7defaf7ef9b173ce39074f3dfdb4d7c656ee76007300dc722f244bb6d376b8f20ef2200ebee1baf47ea0ead8b6cf3af30941c5fdcadfc70f11e28e811ff1cfef2b565079cffb0881193258b95c61b8a2b5016543c5c33dc7713c2b2d0acceb11a6ddae8420140e338155d6fdefcd7e7919ca25d7ca1c90cbaa53fef22d95bc77593fa38cf57f588fefdcf21d1c3d7af4534b962cb96eefdebd770b9c39f03d1c84902f00f892ff40f78fe9e7e05b3d8f3f77f6ecd9e8eaeca27a74f1183e74c105f8c52feec26deb6ec38183fb11d482e8e9e945241a419e312c74747622c9aa7886614014991bcfb070255d472848713cf942010145412e47d92f6dc7816bbb301c1d3257fd9554cf8828017a5359a609c7b6e1d80ef28502aebbee0b0833847f345a87ceae4e6cdbbabdcc13ce0e995c2e87b6b973d1dede8e5028ccdec7f16e14c3d061183af2f93c9255496cdab409a363a3987ffc7c104290c964b06bd72ee4f2397ceb5bdfc4e7af5d0b00705cdaa6b46ae54a0f2dfe1e8c0b0821ff09e07b003a05417857de04a1b4c929c330161f3c7cf893afbcfcca357ff7d51b43bdbdbd18637a8bbc4aea4f19b82ef18c94c8e005b66d7b9bc67f2e56848402502c95100c6a6523c80a0fe418de954b081445a19020a0c2ebe5c6923f0e70fca33c23908f193158870e1d18906586e826849e6c0218a8935665bc32b79760667346cac94e4e0d3b3232c2e860e0796492e06b6de08bc84e76bea436bb711cc7f108fb38832798c11a1919c1f7fef57bf8abcf7c46bcfe2b37dcf5db077f7fcdeedd7b5f3bda7374c0b6ed92aa2880284a2240998fc14f16099242cbde10155a45810b4594e1bac42182eb04834139114bd4b9c439a3b3ebe899c16010412de8b9f640d9c0fab159d4a32a375cf366e8f2f369f279fe8205d00d03ba61c2761c7cfce397a2a1a111bff9cd6f70e8d0618442214c8c4fc0b66d4c4e4ec2d00de8860e4d5591cd6661db0e1445413697432010403693414363232449422e9b43b28ab6e3e4f239d4d454a350c8d33610d69da08783302d0bf97c9e35b5530fccb66de83a6d056a6f6fc70ffffd87d8b7af1db96c0e5d47bb20cb8ab7469ce6c664ad25830303a8aeae463a3de57979b2a2a0542c82102a18525b5b8ba9741af97c010383038844a2482493b8ee8b5fc4d2a54bb060c1420a8e9544e4f305b4b6b662d6ac26e886018e56e76154c5bfbe5c56a5341dbf276965bb582c40d78dab0dc3b8cc34cd8eaddbb64d0a82e8968a25cd344d4594440104aeedd84628142c11170621c41004c1b41dc7612909d975dc60a1584c6cd8f86cb520a03197cba70c5d4753d32cbcb1752b0e1f3ee255086ddb8640fc059032cd12efec2084209d4e7bd5f6630483de1ee2e2b81cd7e6f15f4d336ffc3d5cd7f5221b5a352ca76eca4e1fcb138b2214452abec5c7bfab312306cbb6dd34b7219ea7e5b22e7236e934394c854c958042d94489ebf5a7a901dafbd5dede8e023bed5d568216082dab8a8478203ac077a2b0722fed5fb3bc442000cf60718319080430d0df8fdb6ebb0db5b5b5b02deb94df3df8bb5314452e1b432fa92878d51a7f4ccff36afc6f15b903420d8e222b503515b1688cf66d79eb4de783031c799a8e5748bd077ddf5110005d37a0eb25442351b4b4b602846062721223232388c5e368696dc1c8c8282626c6210822545545b15884a11b888469ab4da954422814c2c8c808c2d5d5989898444b4b0b82418a80cfa433d0349535ba5264bd6996b523239130f452891a2cd66ac54bdd4b4f5c8a575f7915ededfb914ea7f1c73ffe09994c062d2d2d34cfc2be8faaaa38dad585a6c6460c0d0d81b035b52cda2b4945435d045495ae27eb3f751d072b56acc0e4e4240e1e3880b6b63668aa8ae1e161bcf4d2cba8adadf194a1d35353d08241a89a5a9e574c2f7294e9aafdc51a9ef714058a2c771c07c5225515b76d274c887b227f1e871bf01c193726d448baac41b9b230c73d156e74e8a14a93ed1e773f2154648579c4148347f1856a40f1581772b91cbd56c9878a9f9ec3f21deee363e3689ad584dada1a36af84e5320d96f32d171f78329f93684a92eced5ba0d268327689ecdb1a8977386608d6e0e400780b61db160828d58b208035cc9a10a5285c972099aca2376189a29a5d2622d1d1d181e1e1616a7c0801e04280c4723892d759aea801efb344514450d390b3f35e22999f448ee350092a961301a8019059a5696c74b462134f77a9f9fb4c476ad353665a38eb19ac72421d7cb3320fd27f0656bcdf317eaff8995d102d2010bcf2ca2bde3571a34a451ab22cd46af324cd3c0a1600d96c1635b5b530fbfa68752f934149d7114f24303e3101dbb2615912a2d128060606f1835b7f80afdcf0151c3a7418822020a8510f0b006445462c1e876ddb38f7bc73f1b5bffb3b3cf4d043386de54abcf2f2ab3870e000f2f91cc64647d1d4340bd5d52968c120f4928ea3478fe2c3175e88279f7812f50d0dc8653314e1ee124a3b639a482412c8a4d3d0340d79266d1f8d46b16fdf3e1c397204966d63726a12b2ac78051e08b44138140e530f9be530bd2675f0247125fa7efaeffef5f07bc3fe10d3bf5ed38dd0b1ef91ca75f5e3a14ccb8224726f8a78fc53b244e5d31c5edf232e4451f24242fffb09e513d1bbbe8ae4ba48858b7b7b7a914824100a872929a02422128942d35480192a511491cea4313131e9ed63499668a338a9740428985984e33893c7fce2ef72cc140e2b57c65949983b772e745d477777379d1441806dd9901970737ffb3ee8bae1251629bb00a53206f3aa5c76aa089250aee2102a16ca35d87873a824cb4c438daa130b8240d1ee82804040812094695e01b64f04c1dbc4fef05460152ca1c2165536954ef784de6a938a3e564bff98fe7c6e34cbc6b04cab3bfd846693e37d07eeb6074341ca5f5f2a2197cb211e8b637262129665219dc980085450b6bebe9e866545aaaad3dfdf8f963973d0dbd383aaaa144efac049787dcb662c5ab410b22ce3f1c71fc7356bd660726a0ab1580c1d1d1db8e4631f432c46fb113f74c107a16a1a5e7bed357cf4a31fc59f376f46d7d1a358bc78318ac502262726d1d3db8dee9e6ed4d5d6a27f60000dacf9399bcba2aeae1625dd402e97871250a0b2f0b5b6ae16070f1c44381cc6f0f0308e9f4f7357bdbd3d50350df158ccf3846445a104742cd7a2f8045d39c2de6f9438cd0c5d23f14dd5b56319ae63ae95ef31ded34a2a16abf275deeb312d5749285302e7e4a28a4486b73fa9217328ac41143cedc972342078975f011be5c6cbf75d5c42303939c9a4eee9f5488cbedceb4c60a91b7e184aa20485a57cb8403161f03d5114a1aaaa1e8d46ffef182c5114f39665a1794e336ebae91b686d690121c01ffff427fcf427ff011e12f25ea842a158511ee56e34ef372c63a940f30fec46e69e92cc843b5d467de1a7a1d1759afbb3192f92a2043cd75e00ca3198fff4e1fff2f85ca8f47c2a12e27cb3924ab648ff281b34f65efc73f9fbf93f9b5e54b9d24348457dd86bcde4d73daded88cf951a50e1b82eaa6b6a2089126c87d2c570d92f8110e806e57c4f241228140aa8a9a9c1c8f030dadadad0d0d0888e8e2320cb96e1ecb3cfc1cb7ffa133e7ce1858020e0befb1fc0b7fff99ba8aeaec6c18307904c2411898671d1451f86a6aa9024093b77eec2d66d3b20cb942d932bdb54d7d4209e4c8038049d9d1dc86433a8ada9c173cf3e8b13962ec5d8d8180c5d47a958443c41091c43a11082c1204647461089463d86898d1b37d2d03414a2ef1f50a0c84a85a1a8f8d737cfdc1be7657aee39d32aa0f0a6f57c5318c90f9369c6cc9ff73ad698fe7edeefde12920a365c41a05e8e69989eb12584788523f8f2ba1ee1232953dec077b84eff4cb0ef0d5fcb0dd8e795ec4aa5794110108d46214aa20766154511679c7e3a4e3861314a251dafbefa671ce9e80004643299ccd85b4ec2bb1833d24be8384e9e80d837dc78230408f8fc17be886f7eeb9f71f6d967e3d24f7c9c0a413099297f28e75fcc0ab79c94f154958950ee8e8a4cddd885ebb8654f89b89e120cff0c4d5529b3a66996379b7f8355e435debcd1a71bab638588deeba79fc6fceffcf538c68dc592aa1e8c63da66167cc6b1e2ba7cf3c2c3125a998b7af9c2eaea94577c9015052e4ba8575555211c0e43d334088280a347bb30bbb919555529bcfaeaab088542587ef2c9d8b871034008c29108bef5cfdf465767170cc342b154425d6d1d22e1302449c2a697fe88e1e161465b5296d7922419922422140c616a6a12e3e36338e184a5e8e8ec444343034ac5224cd3c4547a0a922c231a8d40d77584c321ecdbd70e87b8d0190798eb3ae867a207d535355e48c5993bfc79256f5d796f2967a4f551dd4ccff94c5f4faf00c227fc2d9e3f3d94f43ff6e67c122a5eebfd2c9473a58220c0641c6f14f48a8aefc0dbcd2addeeca03d033c6e5cde2fb63e53589d3ae97e764cb4dd7e5fbf4dc73cec6a5977e0ce934552e5abb760de6ce6d43b1a8f7cf9a35eb3de7c2e2d7f79e8f643299afaaaa32172f5a885fde732f7a7b7af0daab7fc6934f3e89b3ce3c131223ef13844ae64fa0bc216466ccfc496fbfda0855f4752b360aef40977c49c77c3e5fa17aa2304238dbe19980cae13dc23d29fef9be0d7b4c0fcaff1ebed36bba51f48cb2cf10fac30ae2fb8ed38d1904c1eb18a8d89e6f71a26b9ae679230303031004d1cb0901b4f1381e8b23168b219e88239d4ea3baba1a037dfdc8e7f3983b772e0441c00bcf3f8feaea6aac58b1021b376cc0e8e828e28924feed7bb7627464188200ec6b6ff70e95fefe7e00658a5f3eff8248490f3b8e1cc191234770f2a9a761687010b96c16d16814d94c16b97c0ea56209757575700961ed1f1225f29315b80e4deaa7aa5208068350032a645946269d052fa67063fea6d09adf805ea1e4edc33dfe58c501740cc3f476af7babbf798b78aceb283f0c5114a1eb3a1cd7a1c22dec7bd90e8d502c9643e4ef31fd309fcefb5ef93dfc88adf225f9bd4bbeff696550622fa59445a79f713a1e7ff229dc77ff03b8e7de5f61786404a79c720a6cc7ea176608873523066bc9922545bd6498997406cb979f04d775118946b070e1424a0e27d0b81ca0c2a7e5fc4c7992a6df820e373a0263e014cafd6d92247bbcd6d3e112f97cde53e201a8da88aa6a14415c8eafe0475613c6ac0870cf85378ad2139c7b4a5c8fcd61ffbee96776b3fa7fa79a89f4799c9f8b533313df73a7bf9f97f067f3e4193b3e41d30c192184aa2e0b026337a887e3d888c76929db252e42a1106dafb02d948a45d88e03c330108946d1be6f1f4261aa0968d9165e7cfe798442619c75f6d9d8bd6b17766edf0e4996303e31e969393ef1e49378f5cf7f86284aac8a667b553d5ed4f8f3abaf2293c960e5aa55e8edee467777376aeba8e884611a989a9c42301844241a85659a98d3d2826289aaf6a89a8a683486daba3a8c8f8f796a32b95c8e167648b9ccefad91cf63e7f3c27ff7202e2827dafd9efdb1fef3532cbfdd7fb4da2d793ff3b622c9f798ccf62d7f5cf21fd2befba1542a313d8472e5da322d48b20cd3b2bcea668501157c1ea46fdf781e1ce025e62b0ed6b71932d355e082af8a2ca358287805308b5590e19219eb189919023fc7d10da368dc7df72ff1f7fff0759cb06409a2b128e2f1387efca31f430d0460b28daca9da9b423d80c5e3a2c0b027f0420b1e93713795bbaaa2481b392ddb82c8444221501d426ec408a1d82b5553313535e59dc65cd3900abf5a10244aee2740f092993273c7450180c89457bcaa135d7e9e4ba01b035e099df6e4895e5b0811d8c947e079799c2ec67fa379e12021cc2b2208a8da31f135e5d0b18c2d12451189440253e9290c0d0d42d334d43734221a8b61efde3d506419d96c16aaa68110ba21fb07fad150df00410076eddc8993962f0701c1f8d8185e79f965cc9f3f1fe79d772e3a3b3ab16be74e44a351343436221e8f239f2f2097cd439444d836a31f291631954ed30a2c80b6b6364422116cddba15966932610b8ad91a1919812449482413b02c2ac0dbd5d9095194902fe4512c1471f239a760c9922578ecd14791cfe790acaac2c4f8b867b029fb079d67ce04024c0bdd04c153ab96258971e20b10654a35c3d3147e6fc5ef29f335aee8f1e3e57d56ec21a42cc0cba9943817bc5740627bc334690f673018442814a2a05a9ea3043d7489eb7aa2a904049645316a4546c2c78d8e1f1e418463eed58a140000200049444154e548d92e11ca79ba8afcec5ba43f445184c4427c4551502814d0debe1f9fb8f4e3500301d4d7d7a3adad1577fde297505475f0edecc3bb193362b05a5a5a8ac9aad4f88b2fbe5837383484b3cf3a13baaee3f9e75fc0e0e01082410dbaae7b1c4a00bdcdfc211fadd688e0881de23ade42d3bd217846461664a86a00a55291758a332c8b405b47ca52e61423120c86c0ab919cf08c9f5c679d733666cd6a7243c1609728cb0149926c5dd70fdaa6595094800851802450fc5630a841d3540a95902450e828336a6c08a204e2fabd63a6a643dc72fc4be8eb6846dd052022a0a91001d9759da06d3b75636363cd2f6eda946c6fdfefe59afcf935fa9ef07e06a8a7110c06912fe4512814502ae9088523a8adad45329144b158c4d0d0100496db6b686cc0d8d818060606d0d2da826c268b1ddbb7e3c465cba028014c8c8fe1d0e1c3181c1ac2c2050b30a7a505c3c3c3181c18406767070481729903341cb41d1b020444a2511c376f1e344d435f5f1f3574b11882c1a077680c0d0d821082aa540a9228219fcba1b1b109070e1c0040fb3ee3f138967de003d8b17d1b6cdb42341af3a02bfce60d85c3e065dd638565dceb3be90327ed6d696d3ee83a644c144543521449202460dab6421ce206431a40886b1816312c9d289244645925aeeb12dbb5896ddb442084a8aa4a5c17701ccbb56d97081221a22011e2bac4751de2382eb16d1b89444cce667356a154ccc7a3d192ebc22484104110b59a9aead9f962e1949eee9e55232323d075dde3d3775dcacce1a54fd8f7302d1b8a2253d9f869df93ee7d1182e84bac0bd37258fe48865b25ef207d73b2c42b50b8b4a02349121e7fe2497ce8820bf0a10b2e40c9d0f1fb87fe80a347bba12aca146668cc88c1fac8473e627cfce39776699ab6f8f0a143d8bb672f000295719af353c96694ae6f9513f22b9a70223780e76ca807069bfeaeaa2a0441f0c23045a1ec048661780c965e323a4ca97a0cc3a07ce6b60dc77571f5d557e3f879f3d2635313577cec231f79198004c01504a180ffc541089101d47ff8c31fba70ddba3bbef5d24b9be60483412f9f01c0cb497843287b19b1680c566d1d868687218922b29934e62f988f6d5bb721168b215f28606c7c1cf1781cc71d771c0e1e3c88bebe3e34cf6e462693c1b6ad5b71c2d2a598dd3c07a3a3232895746cd9b285aa1bcd9a85e3e6cdf33af7fd7d9f5cdaad5828a0a7bb1b535353906519c96412baae23140ec1d00d0c0e5263c58b02a512cd61f5f6f5626a6a8a85b054cb707464049d1d9d50940062f1382627c6bd308bb82e1c460a59519c41398c761d27ffd92b3f7bed99ab563d260882f1be2ee45f181b363cb3a6a9a9f1ee743a231f3a7418aa1a80699a2814f2941491d18a83503ae4603008dba751503658653d437f0eaab260e0e7ac1058433b01df433c574b7cfb4862b4d9aa46ef35d334f1f8e34fe0b9e79f876dd9302c93dedf2ef9bf65b000606868f8404d4dcd2500bcde33322df4334d035a90e659fc08648055ba048a2e16fc8dcc2020e09a7e82d7a14e9570050f1ec137b16ddbc86468e99c8baf8643a18ac4bf699a58b56a1556ad5c898d1b37de7ec30dd73f3353f3f24e86200836807e00f7ecdab56bf3ce9d3b5fcee7b2555e4f1fc04e450e182c1b2fe2ba505515d168148410343436a0a6ba067dfd7d4855a7100a86d1d2da82aece2e74767561e18205686b6b436767277a7a7ad034ab09a66162fbf6ed98dbd686a6a659c8e772c8e5f328158be83e7a1447bbba3ced3c891b0b0676b4187c25100820168bc1b428254e3c1ec7e8e828262727a1280aed715403d07503a9aa2a8c8e8ea2afb70ff5f5f5d0821a020115e14804a22862767333c6c7c6502814a0eb06a5d096652f17c8432a7f9590f64c3ab8fc3397df7ad6e9a7fffefd5cbfffeef8c8472efccf7ffcc77f5a7dc567af383b9fcf637474947612e4f2d4ab66cff34372fc4caedceb969952941f06f1a61c153fdb786808bcc9abe2af715c972a5d4914a8cc751a000a18a6e90a4afa08009a169c78afe7868f1949ba0380651987bdd3df57fdf24afba248431426bd04544448e5d3d1378bb66d7b8972eeb4f2f04b1445167ed14e744ed3ebba2e32990c7d4f760de1709872963339304912f1d18b3f8a1d3bb68310f1ff2b63357d2c5bb6ac7dfefc792ff346543e1cc7f1558c7c95228162deb460109ffce4a7d0d6da867deded38b0ff0072d91cfafa7ad1debe1f4b4e3801cb4e5c86dede5e48b28ce3e6cd83e338e8e9ee010024e27174757561c7f6edd0751dd5d5d5a86f68407d43036a6a6a3cc51db02285288a08854288462250020110d7851250509d4ac1755d747575616a6a0ae14818d5d5d54c8add402c1ec7c4e424c6c6c6b074e952249349241349d454a7b077cf1eecdab9031ffef08770ea69a721934eb37d42317b8542817a786c162aaacc0488c622d649cb963df2feacd43b1b2323a387b66fdf81d6d656b8ae8b7ca100c330a89160cfb16d9b7a5b8eede5e1788401c0a3b42e877cd313f23e18ceb45cddb1062104b2a24060e17e28143ce6f3b961acafaffebfe761d9b67d8456f5e0996e0f12c0129625a6b0a2285487cedb6800544d832ccbd075dde3cca227a80b492ae390b862882852ce6d8b29f1f8f361f95caea2aaa732a9aab1b131388e0335a0a2b6b6166fbcf106e9ebedf9ff2a4c38d6a86b687039a6886f12bf429057c607283d4c40c1e7bff0051c3972048f3ffe3892c904eebaeb2eecd8b913bb76ed64b9ac41cc9a350b6d6e1b468687515d538bc58b1763706808c32323088542a8a9ae8669593878f000020115a9540ad5d5d508c5628040a9715de232456fc7032e0a002cdb46269d465f6f1f0cd344201040552c5a16b7b04cc462314c4d4ea2542a61f19225387dd52ad8b68dc58b17a179ce1cbcbef975dc79e79df8affffc2ffcc7cf7e8670288cc71e7b04866150451e01b04c0bb665792d3802588701438d472291193ba4df8b615976209fcf2316a7c9f46c3643f7286b82e611010f9d399053d334140a050fefe69232b11e2fee78c69b55c1554d432010a0f7186f61132a3d74f672280c9c0d514428187e53229fff2e4992ded8d8386344983366b00441e8731c27278952947b431c5a4008812c4928958a505515aaaaa1a4eb508301c4a251d4d6d5a1aa2a09dbb2512c16313a3a8a8e8e0e388ecd88e714de4de5553aa8b0a9ec192c4dd33cf7389fcf7b5e1740f99762d118c646c7e0d8364cc7c1d1ae2e24134961cbeb5bdf07b2e4773e0821b16fdf7ccbc920a442218857a33cd433283f7b3416c55ffff59548552571c7534f22918863edb56b69ef5f348aa016446d4d2d569eb612ebd7af474b6b0b4ac512464747515b538db973e762627c1cc32323181818402c1e43229184e338181b1bc3e0e0202499aaea704c14af9e59b685524987c9daac789b4c221ef7e8750d43872ccb0886c2181fa7f9a8c6a6265c74d145989898c0e4e42442a110229130ceffe0f9a8abafc53ffdd337f1d24b9b70c3576fc0ece6d9f8c98f7f0cbd54423812661534cb6b9606bb01655942269355fafbfb3f0aa0fd7f6bfdfed228960a2df5f5f54833f1e0f4541a822820a006bc08819216d24ab7ccc47d93c924f2cc604198e6fd086508036120dec6d9b3118d84a981771ce8ba8e743acd981b68e1aaec9d1226af26409644a89a5a1166d29f29dd4d381c995cb66cd98c85843366b03299cc505d5dc330044479fb005006a6499204bda4d366e510cd632d5bb60c4a2080f4d414464746601a16644546535313a2d12876eddae5118ff1f2069d330132634328168b304c03d168cc43bc170a05148b45aa1ec312efb178dc4bcacbb28cc3478e60e9d2a500dc650036cdd4bcbcdbf1c20b9bbe7ee0c0fed912e3e3e6de148432830408bd69abaa92b8fe861bb0eab495b8f5d6ef4314445c7ffd97d13c670e967d60198e9f7f3c4e5a7e123a8e74e0d1471f85ebba48a7d34c38d5c1c0c0200a85221a1b1b914824303939814c26eba1ae63ac7fcfb44c46bb42b15cbca50a20902419aaaa22180a31d519ba263cd7180a85699e917d6e2412816999100440d74bb8e28acf60d9b20f405124289284bada5a5c7ed92eecdcb103cdb39a70edb56b115014dcfa835ba1d95a05d6ad02fdcf5209cf3ef7fcd709210f0982d0fdbfb07c6f3b6ebae9a664776fdfa2bada3a7477f7c0b66d4c4d4dd1aa9c28c17218a3826523a8056130ba9c68348a482402dbb2bcfc55a5c12a1b2b4551d0d0d000002cc2a07b26180aa1bebe1eb66da3502c2097cdc1d07540e06caf32405c04d420028180471e40df9e75671082482438d6d8d83863822e33e61ef7f4f4e8b6ed745580e050ce53890ca5eb380e332e220ac5223a3b3b313e3e8e52a90497b8304c03c3c3c3a8abafc7f1f38ff716890e5fcf1d004da5a7b66dd90088e7515996850c3bb1f86bc3e13002aa8a52a904455170e8e061d4d7d72314099f3b5373f26ec7a64d9b3eb6fee1876f9a9c982843a151c6a811d7f58c986159b8fa9a6b70ca29272318540102b4b4b6a0b5ad0d2d2d2dc865f38884c3686969c579e79f8fe5cb9753f1d2c934868747a0974a686c6a44a150c0fefdfb91cd66914a5563ce9c394824125e4183108aa50b85c250350d89781c914804a9540ac96415a2b128c2e130d440801645583238140e4192cade6f2a958269d28a2127f7bbe28a2b3067ce1c0c0e0ee2c8914e04c36144a21110d0fe5300088782f8fc759fc725175f8cf1f171766099b0fd5ce3ac7a1c0e87b17ddbf69a279e78ea778490e4fbbd7e7f69e8babe3c95acaa951519857c01c56201f97cbe0cfd2104b66d791e2c53a7417575354cd3646488f44090a46994ea6cdf575555c1b22d2662c280b2a2887c2ee7dd77b1580cad6dad68686c4020a04014a867ecb82ec2a170c57bfbef6f9710a4aa6a8ecc14ca1d9841830500aeeb745680d2d8e3fc3187b9a2c9641285421193131334e72049e0f2450228fea4a7a707d5a96ac462b1b25ab4c0695d00106aa03830cf766ccf6001c0e8e8a897c302c0c28c88e72df4f4740304686c683cfdca2baf6c98c9797927e3d5575fbd60fdfa471e3878f0a0e26165a681fc78b1229fcfe3d39ffe143e78fef90807e9666f9bdb86ddbb7663706000e3e3e3181c1c4477772f0eec3f809e9e6e9c7bee3938f3cc33e1ba0ee2f118464647d1dbd38b643289eaea6a8c8c8ca0ababcb0b55aaaaaa9048261108d0f0a0c0aa86e9741aaeeb42d769633515b905543580482482703804d334313e368e52a9886894e6b1060606303c3c8a64551552a96ad4d5d523100860727212bd3d3d181818f0de77e78e9d689ed34cbf370186078770f59a6bb07cc5728c8e8e4200e54be339539e1f755d17e148041b366e3c75e3c6671f2184cc8876de3b1da6e55cd836b70d53935370e16262620286695454e5fcf92b020a1d8946a3c865b314cc2af95add7c6057801ed28aa2c036a92a91e781b2a843922498a689d191518c8e8e21168f23168f419445da164508a2b19877bdd393ee3497a6ee99c9399a5183a59bfa7efef39bfae240bf603e97433c1e876d3be0803ff89ec3eab700cb4d442291b2c12265dd0f17c463a7e4fc41aaaa7a2d0a9393131eba9e30e39648c461d9166ccb462e97434f6f0f162e5c908c44e217cde4bcfc4fc7934f3e79e9ef7eff8747f7eddb17a19cf4bca050de30bccc5d281671d5eaab70f5d557239bcd7a06faccb3ce42a954c2e1c387914c2410d43458a689bafa3aac58be1cd96c161d1d1d48249358b468112ebce822a89a868e8e0e4c4d4d799c493cd7d1dddd8dde9e5e14192d4d4d4d0d82c120dae6b621168f798595503802411091c964d1ddd38bfede3ed8b68dea9a1a4422114c4e4ea2a3a303a228e2dcf3cec5ca952b3131310ec7b111d434b4b6b6604ecb1c2c5ab800b95c0eafbfbe05bdbdbd38e7dc73bc2f3e343c8254aa0abfbaf75e2c59b204fdfdfd940115f08a2d20e526ec68348a279f7aea9c679e79f6294248ddfbb6906f336ebef96679323df9a1e38f3f9ef67d42c0c8f008044184aa69659e7cd384aa69c866b31044118a12a06cb18cbcafc284f8f24c7c8d08a1acbf6ec5d348050c445114d89685febe7e140b451ab948f4908cc562955545df6750be3bb26b26e769662b26ae7bb8a2dd843dcc7f972409d94c06b1580cb222c330ad72e3a70789e074c1220cc340341af5146601aa3223b0e4bb2449945619b43a4639e36912389bcd219bcdb0cba2cb958827204b320a459aacdcb16307162e5c0849912e9bd179f91f8ce79f7ffef31b363efbd0de3d7bc23c542a0f9f874528f7d79a3557e3dab56b51954c60686808edfb0fc0765cb4b5b6e09a6bd6e00feb1fc6d8f8389a9b67e1f4d35762e9d225e8eaeac22db77c171d9d1d58b46811b66ddb06dbb671f1473f8a952b57a2582ca2b7af0f5393937098b86a737333aaab53f433dadbb167cf1ea4d36958968d62a100c771303c3c8cf67dfb70e8d021e40b79d4d6d460d6ecd950020a860607d1d5d58589c9092cfbc0329c75d6d9484f4de1685717ce3bef3cdc71fb1dd8be63074008e6b6b542d3543cfae863f88f9ffe14279fbc029fbde20ab82ec1debded989a9a424d4d35eaea6af18bbbefc2c2850b70f4e8d13791daf9db6862b1189e7ceae995cf3cf3ecd38490c6f76735df7a148bd6d2801c58984aa5303e3e0ec330303139014d5599e82d610cbad43b2a954a347f158978926712ebf5137ccdddfc3b73988f65f1c3def5cd097cf766798e1445f10e7eae13c9f17c1ebe4b14c153fa8aa2144dd39cd182c68ceaab954aa4231e778b822084fc7d4902cac4f6f94201aa1a403412855e2ab1960487395a5c9597c5c8acbc2bcb32edcf13a9fa2521655c09c7a3707924351040896194c6c7c7515d5d038e948fc66208854228164b88c762d8bd6b373ef399cf4096e4331f7ef8e1b64f7dea535d33393f7f69ecdddbfeb59ffffcce75ededed1019511b870994dd7101000d95565fbd1aab575f0555a56a34353535d8b163274451c4e2450bf18d9bbe01dbb6f1a5bff91b2412092c5ab418ad6dadf8e34b2f4156645c7df9d578fc8927303c3c8c4c26833973e620180a21c6c28052a984f1f1718c8e8e22a0065095ac423c4e8b1b9402a584de9e1e68410db96cae0ce8954444c2118c8f8fa35028d01e524d434d4d3508012ccbc6eeddbbd84de8e28c33cec0dab56b71fb6db7e195975f41b22a899736bd84e1e1215c78d145f8def7fe0d8a2c63ff81433878f0205a5b5b10895049f7faba3afcec673fc30d37dc88f1f17134353595192ef80d0a2020cb88442278f2a9a7978ba2b0811072892008332af3f676a36fa0fb92850b16caba4ec1b6e3e363c8e7f248a55200710142a5d86459826e700a63824422816c2e07c771a00494722f21e021dc0178f087723182473b3cf26117e26558ca691b95c9ec699ae6e5d3045184e07965b4ab2c10508f3a8ed33f93f334a3062b931919aaae8ef60702eaf1fc317fc3a824496c031324ab92181c18a8ec22177cbd5080c75cc009e1788eaa0c82230885429e5e9a6559505595b28e8a02868787316fdef11e6e29c8d491070606e11282c1c1410c0f0fa3adb5356c58d6a5006e9fc9f979bbd1dedefeb5fff8d99debf6eddbeb91cc81505a9a4a515a177aa984abd7acc155575d054d55e110825251475363234451c49ffffc1a0808962e598cef7ce7665c7cc9c578eeb9e731383080a9c9095c78d1450887c2d8b07123c6c7c7a1691a0cc3c0c8c808144541381201715d442211cc3d6e1ef2f91c060706904e4fc17509dadada50954a219bc940144504541502808e8e0ed4d4d6a0bfafdf0b2b8f3bee38d8ec867459e56e786808aa4639fc5dd7c5230f3f8cbfffc63fe0befb1fc0c60d1b90cd66b076ed1aac58713256ac580e00d87fe010f6efdf8ff9f38fc7894b4f8065d99024da8cded0508f3beeb81ddffce6b790c964e84d8ff23ee1c491b267b4369c288ad2d384908b0541e87ddf16998dcb2ebb4c2a154b979cb06409060707200802060787e0ba2e42e1301c87f6d0eaba8e8042f37a10284f55341af5e87c2451625e4f25232e00ea10e8a50a4f13a49cfbf4ffc407eff30c0402705d8248240a99858bfef7e620d58022efbdfcf2cbcd999cab1935583d3d3d7a7373eb6155158ee74051c765180f009148c46beeacabad4577f7d1b2d5278297bf224265e41a0c85509a988012e0ca3c8c009fe5b1948002bd4465a1424ca833200630313e816291267a09ab562592490c0e0ea2542a4110046c7e6d3356ae3a0d8f3ffec46708213f9ec98ac75b8d7dfb0e7cf5673ffff9ba7d7bf77ab81a6f834c0b734accb3ba6af555086a2a1c02148b25283215f3a86fa8c7dcb96de839da8da0aaa16d6e1b562c5f8e15cbe98d6f98169e7df6393cf4d043e8eaec442a45bda6f1b109388e0dcbb63d4062281442369b466d6d2ddadada90cfe7b17bd72e2c59b20489641200416343136aeb6ad1d7d78b542a857dfbf6e1b4d34ef398130a8502d25353e0cd20a669d2f043a64de88ee3607864043ffef14f70e38d37e26b5fff1ae337a7c3346d741dedc2ce9d3bd1d0d080c58b1731b4b708d3b2018552b6343535e25f6ef9177cfffbdf47be504055555525cc81853d1e35ce534f9f208a22f7b48ecef822fb86a28496a92a59366bd66cfcf14f7f82aeeb181b1da1bdb7ac47d371a9ce015d832c0400c160d04b778882e8452e02b34415e1a02cc132ad69859a72c18affe3ffbbc560129438c045b22ae91534f86bfc80655555de98e9b99a71c96dc7b17703b8d8340c9c71e699f8c4a51f87acc878faa90d78f1c5173d69f1542a050182479b018194ef51b8de8d6adb3419ebf04913049fb1a7b175381486a11b304d0b9188e451cd148b454c4e4e22ca0ca52452c9f77038845c2e87dada5abcf6da6bf8d4a73e095dd7970f0c0cac00b065a6e7c83fb66cd97ae39d77dd79fb9e3d7b18850e619e66255dafcb36f0d5d38d55a10845a6b9bc9241e11c279e78221a1a1ab07bf71ee40b05cc9e3d0ba95415b2b93cfa7afbf0e28b2f321a97b27a766d5dadc7d5952fe461e8060871313a328ae1a16148a284458b17419424a4d3697cec639740370c8c8e8ce2820b3e884040c1d637b6e299679fc5c10307118fc7f1c6962d90198db12808b01c8ab656581f200fe3239108464686f1f39ffd0c3535d538f5b45328f53121d8bd670f262626b064c9229cb0e40498960dd7b5100828082832355a3265369dd33c1b37ddf40ddc7efb8f502c14108d46dfd4af0ac043913ffad8e38b1dd7dd4808f9a820089defd79aeb7ae153cb572c974a7a09866160746c14994c06f17882b19850380318cadd304d48a288783c4e611c86eea501009465ccd8705d17028472b18a3e8bdd37a4c290fb87699a8844225e8b5bb22a09491471f28ae59833670e262726b063c74ee4f354693c100a6d9bb959a263c6db1482417567b154c2e9679e817ffdeebf607c7c1c5d5d47f14fdffc477cfce31fa318a94c1ae14804e17018250656ab6c138097c7721c87324db2b8ba9c192b4f3aef4fa400420701a66f288a22fafafae0f25237218884c34824920cdfe5626868888b2688cfbff8e255333d3ffeb165cbd61b7f73df7d77ecdebdbbdcc6042a194575e3e835bb84ca3ead5ebd1a577dee7308691a1c42bd1759a648e4a26e22934e231e8f429625d4d5d761e182f9989a9ac48e1d3bd1d3d38b81fe013cf0c0fdd8fa063d1879e8c1715dbc3321168da12a954224124520104020a020994aa2b6ae16a66160e9894b71c2094b303c3c82a6594d50550dae4bb070c102888280ee9ea3148ba569d0540d924cc1a4a17008b224c3304d58b60d0f17c4c290debe5e7ce7e6efe0a54d7f442693c5d0d0300c5d47cb9c662c59bc04a248956b6cdba1f263a258e1910040cb9c39f8ea576f84a66928168b152909af779550b68f502884271e7f62fe0b2f6cda480899f77eacf9ead5ab35db713e79d24927a1ab8b3a7603fd03302d9b16986c8785fd3a1476b873cd82783c8ec9a949965e913d83c4c341de272833110eefef4c83707a08e80f0aa9da15ed180128f1652412c505177c101ffdc84508280a962f5f8ebffaabcb110c06214bd2784014f76386c78c1b2c5555f70a8079c51557e0e9a737e0dbdfbe19dfbde55f71cf3df7e2d3977d9a6148f2208420555d8d52b1e4a9961010786ad04225d15888090f7850083678a2b70c6fa0c2a15c4c75647818c562b12c7421cba84aa52008402e9787288a78e1f917b072e54aecdeb5e7d3ef175667dbb69d5fb9fffefbefd8bd7b97b7287e9c0ce71b755d1725065df8dc555722180ac2718142be403d2b4d836e98c8a4a71067bd7a8669a15828a2b5b505e79c7526e6cd3b0e3b77eec2776fb9052fbdf492cf3896abb93c6422a0b9139b414268882aa2b5a515b5b5b548a55238f5d453214ab4d58727bf6ddba6aaddbdbd304d8b6e6a59060860338ef252a904d334782c02425cef46212e3522fdfdfdf8dad7be8e5fdc753722d10856ad3a0d0b16cc870b30260801414d856d3b304c936a40061498a6059b19add69639f8ca0dd74353035e780bb002902f21af3144fea38f3e366fd3a6979e7e3f8c966edbe7d6d7d7cfafaeaec6d0e020f2f93c06fafb11500208b07dcbbd6951a4f26d922421a02808a80164d2190842594ca362dfb0118bc5a01b06fb1befd96587bcf77cf8d6a14c35adaa011042100c85d032a719279eb8147ff8c3c378f0c107f19bfbee434d4d0d8e3f7e1e24496c5fbd7af58cb5e4f031e3066bd6ac594765593a1a098731c9cae2a22860726202414d83aaaab06daa1e5c575747f5e8884f578d8785d3626b0f8fc59387be989d868521063434bcfe365114512c1631363a0aa0dc1e52954c2212892297cf4355556c79630b4d3687c2b59b376ffef44ccfd1b61d3baeffcd6f7efde31d3b7602ccfbf3e8959957054295524cd3c4ea3557e3aaabae6215558242210f45a1c6aaa4539a614a854c8d9569181e07986e98181e1ec1af7ffd6b747474806b3efabd2a8a9a67);

-- --------------------------------------------------------

--
-- Table structure for table `Sallers`
--

CREATE TABLE IF NOT EXISTS `Sallers` (
  `SallersID` int(11) NOT NULL DEFAULT '0',
  `CarPartID` int(11) DEFAULT NULL,
  `FirstName` varchar(255) DEFAULT NULL,
  `lastName` varchar(255) DEFAULT NULL,
  `email` varchar(255) DEFAULT NULL,
  `zipcode` int(15) DEFAULT NULL,
  `phone` int(15) DEFAULT NULL,
  `Address` varchar(255) DEFAULT NULL
) ENGINE=InnoDB DEFAULT CHARSET=latin1;

--
-- Dumping data for table `Sallers`
--

INSERT INTO `Sallers` (`SallersID`, `CarPartID`, `FirstName`, `lastName`, `email`, `zipcode`, `phone`, `Address`) VALUES
(78, 5, 'Ivan', 'Dusan', 'Ivan@gmail.com', 86102, 504298, '67 street'),
(123, 1, 'Tesfay', 'Nancy', 'Nani@gmail.com', 98104, 2301201, '30 n 56 street'),
(234, 3, 'Laura', 'Jason', 'Laura@gmail.com', 92102, 30562187, '65th street'),
(564, 4, 'Naomi', 'Bill', 'Naomi@gmail.com', 97102, 3094527, '30 street '),
(999, 2, 'Nikol', 'Eric', 'Nikol@gmail.com', 98456, 9102845, '56 N 43 street');

--
-- Indexes for dumped tables
--

--
-- Indexes for table `Buyers`
--
ALTER TABLE `Buyers`
  ADD PRIMARY KEY (`BuyersID`),
  ADD KEY `CarPartID` (`CarPartID`);

--
-- Indexes for table `CarPart`
--
ALTER TABLE `CarPart`
  ADD PRIMARY KEY (`CarPartID`);

--
-- Indexes for table `Cars`
--
ALTER TABLE `Cars`
  ADD PRIMARY KEY (`CarsID`),
  ADD KEY `CarPartID` (`CarPartID`);

--
-- Indexes for table `Partners`
--
ALTER TABLE `Partners`
  ADD PRIMARY KEY (`PartnerID`),
  ADD KEY `CarPartID` (`CarPartID`);

--
-- Indexes for table `Pictures`
--
ALTER TABLE `Pictures`
  ADD PRIMARY KEY (`PictureID`),
  ADD KEY `CarPartID` (`CarPartID`),
  ADD KEY `CarsID` (`CarsID`);

--
-- Indexes for table `Sallers`
--
ALTER TABLE `Sallers`
  ADD PRIMARY KEY (`SallersID`),
  ADD KEY `CarPartID` (`CarPartID`);

--
-- Constraints for dumped tables
--

--
-- Constraints for table `Buyers`
--
ALTER TABLE `Buyers`
  ADD CONSTRAINT `Buyers_ibfk_1` FOREIGN KEY (`CarPartID`) REFERENCES `CarPart` (`CarPartID`);

--
-- Constraints for table `Cars`
--
ALTER TABLE `Cars`
  ADD CONSTRAINT `Cars_ibfk_1` FOREIGN KEY (`CarPartID`) REFERENCES `CarPart` (`CarPartID`);

--
-- Constraints for table `Partners`
--
ALTER TABLE `Partners`
  ADD CONSTRAINT `Partners_ibfk_1` FOREIGN KEY (`CarPartID`) REFERENCES `CarPart` (`CarPartID`);

--
-- Constraints for table `Pictures`
--
ALTER TABLE `Pictures`
  ADD CONSTRAINT `Pictures_ibfk_1` FOREIGN KEY (`CarPartID`) REFERENCES `CarPart` (`CarPartID`),
  ADD CONSTRAINT `Pictures_ibfk_2` FOREIGN KEY (`CarsID`) REFERENCES `Cars` (`CarsID`);

--
-- Constraints for table `Sallers`
--
ALTER TABLE `Sallers`
  ADD CONSTRAINT `Sallers_ibfk_1` FOREIGN KEY (`CarPartID`) REFERENCES `CarPart` (`CarPartID`);

/*!40101 SET CHARACTER_SET_CLIENT=@OLD_CHARACTER_SET_CLIENT */;
/*!40101 SET CHARACTER_SET_RESULTS=@OLD_CHARACTER_SET_RESULTS */;
/*!40101 SET COLLATION_CONNECTION=@OLD_COLLATION_CONNECTION */;
